ID;realisateur;titre;titre_original;categorie;muet;nb;duree_min;annee;annee_source;genres_sc;pays;
1;Abbas Kiarostami;Copie conforme;Copie conforme;Film;FALSE;FALSE;106;2010;2010;Drame, Romance;France, Italie;
2;Abdelkrim Bahloul;Le soleil assassiné;Le soleil assassiné;Film;FALSE;FALSE;85;2004;2004;Drame;France, Belgique;
3;Abdellatif Kechiche;La vie d'Adèle;La vie d'Adèle : Chapitres 1 et 2;Film;FALSE;FALSE;180;2013;2013;Drame, Romance;France, Belgique, Espagne;
4;Abderrahmane Sissako;Timbuktu;Timbuktu;Film;FALSE;FALSE;97;2014;2014;Drame;France, Mauritanie;
5;Abel Gance;J'accuse;J'accuse;Film;TRUE;TRUE;165;1919;1919;Drame, Muet;France;
6;Abel Gance;La Dixième Symphonie;La Dixième Symphonie;Film;TRUE;TRUE;94;1918;1918;Drame, Muet;France;
7;Abel Gance;La Roue;La Roue;Film;TRUE;TRUE;418;1923;1923;Muet, Drame;France;
8;Abel Gance;Le Capitaine Fracasse;Le Capitaine Fracasse;Film;FALSE;FALSE;108;1943;1943;Drame, Aventure;France, Italie;
9;Abel Gance;Napoléon vu par Abel Gance (Grande version - 1927);Napoléon vu par Abel Gance (3 DVD);Film;TRUE;TRUE;425;2024;2024;Biopic, Drame, Historique, Guerre, Muet;France;
10;Adam McKay;Don't Look up - Déni cosmique;Don't Look up;Film;FALSE;FALSE;138;2021;2021;Comédie, Science-fiction, Satire;États-Unis;
11;Adrian Lyne;L'échelle de Jacob;Jacob's Ladder;Film;FALSE;FALSE;113;1990;1990;Épouvante - Horreur, Drame;Etats-Unis;
12;Adrian Lyne;Liaison fatale;Fatal Attraction;Film;FALSE;FALSE;119;1987;1987;Thriller, Drame;États-Unis;
13;Agnès Jaoui;Le goût des autres;Le goût des autres;Film;FALSE;FALSE;112;2001;2001;Comédie dramatique;France;
14;Agnès Varda;Cléo de 5 à 7;Cléo de 5 à 7;Film;FALSE;TRUE;90;1962;1962;Drame;France, Italie;
15;Agnès Varda;Daguerréotypes;Daguerréotypes;Documentaire TV;FALSE;FALSE;80;1975;1975;Documentaire;France;
16;Agnès Varda;Les Glaneurs et la Glaneuse;Les Glaneurs et la Glaneuse;Documentaire;FALSE;TRUE;80;2000;2000;Société, Documentaire;France;
17;Agnès Varda;Mur murs;Murs murs;Documentaire;FALSE;FALSE;81;1982;1982;France;France, République Fédérale d'Allemagne;
18;Agnès Varda;Sans toit ni loi;Sans toit ni loi;Film;FALSE;FALSE;105;1985;1985;Drame;France;
19;Agnès Varda;Varda par Agnès;Varda par Agnès;Documentaire;FALSE;FALSE;120;2019;2019;France;France;
20;Agnès Varda;Visages Villages;Visages Villages;Documentaire;FALSE;FALSE;89;2017;2017;Documentaire;France;
21;Akira Kurosawa;Barberousse;Akahige;Film;FALSE;TRUE;185;1965;1965;Drame;Japon;
22;Akira Kurosawa;Dersou Ouzala;Dersu Uzala;Film;FALSE;TRUE;142;1975;1975;Aventure, Biopic, Drame;Japon, Union Soviétique;
23;Akira Kurosawa;Kagemusha, l'ombre du guerrier;Kagemusha;Film;FALSE;FALSE;181;1980;1980;Drame, Historique, Guerre;Japon, Etats-Unis;
24;Akira Kurosawa;Le Château de l'araignée;Kumonosu-jô;Film;FALSE;TRUE;110;1957;1957;Drame;Japon;
25;Akira Kurosawa;Les Sept Samouraïs;Shichinin no samurai;Film;FALSE;TRUE;207;1954;1954;Arts martiaux, Aventure, Drame, Action;Japon;
26;Akira Kurosawa;Ran;Ran;Film;FALSE;FALSE;162;1985;1985;Drame, Historique;Japon;
27;Akira Kurosawa;Rashomon;Rashomon;Film;FALSE;TRUE;88;1950;1950;Policier, Drame;Japon;
28;Akira Kurosawa;Rhapsodie en août;Hachi-gatsu no kyôshikyoku;Film;FALSE;FALSE;98;1991;1991;Drame;Japon;
29;Al Pacino;Looking for Richard;Looking for Richard;Film;FALSE;FALSE;112;1996;1996;Documentaire, Cinéma;États-Unis;
30;Alain Chabat;Astérix & Obélix - Mission Cléopâtre;Astérix & Obélix - Mission Cléopâtre;Film;FALSE;FALSE;106;2022;2022;Comédie;France;
31;Alain Corneau;Nocturne indien;Nocturne indien;Film;FALSE;FALSE;110;1989;1989;France, Inde;France;
32;Alain Corneau;Tous les matins du monde;Tous les matins du monde;Film;FALSE;FALSE;114;1991;1991;Biopic, Drame, Historique, Romance, Musique;France;
33;Alain Peyrefitte;C'était de Gaulle 1958-1969;C'était de Gaulle 1958-1969;Documentaire;FALSE;FALSE;90;;;Documentaire, Historique, Politique;France;
34;Alain Pittent & Rémy Ricordeau;Putain d'usine;Putain d'usine;Court-métrage documentaire;FALSE;FALSE;90;2006;2006;France, Belgique;France;
35;Alain Resnais;Gauguin;Gauguin;Court-métrage documentaire;FALSE;TRUE;13;1949;1949;France;France;
36;Alain Resnais;Guernica;Guernica;Court-métrage documentaire;FALSE;TRUE;13;1951;1951;France;France;
37;Alain Resnais;Hiroshima mon amour;Hiroshima mon amour;Film;FALSE;TRUE;90;1959;1959;Drame, Romance;France, Japon;
38;Alain Resnais;L'année dernière à Marienbad;L'année dernière à Marienbad;Film;FALSE;TRUE;94;1961;1961;Drame, Mystère;France, Italie;
39;Alain Resnais;Le Chant du styrène;Le Chant du styrène;Court-métrage documentaire;FALSE;TRUE;19;1958;1958;France;France;
40;Alain Resnais;Le mystère de l'Atelier 15;Le mystère de l'Atelier 15;Court-métrage documentaire;FALSE;TRUE;18;1957;1957;France;France;
41;Alain Resnais;Mon oncle d'Amérique;Mon oncle d'Amérique;Film;FALSE;FALSE;123;1980;1980;Drame;France;
42;Alain Resnais;Nuit et brouillard;Nuit et brouillard;Court-métrage documentaire;FALSE;FALSE;32;1956;1956;France;France;
43;Alain Resnais;Providence;Providence;Film;FALSE;FALSE;110;1977;1977;Drame;France;
44;Alain Resnais;Toute la mémoire du monde;Toute la mémoire du monde;Documentaire TV;FALSE;TRUE;22;1956;1956;France;France;
45;Alain Resnais & Chris Marker;Les statues meurent aussi;Les statues meurent aussi;Court-métrage documentaire;FALSE;TRUE;30;1953;1953;Expérimental, Essai, Société;France;
46;Alain Schneider & Samuel Beckett;Film;Film;Court-métrage;TRUE;TRUE;21;1965;1965;Expérimental, Muet;Etats-Unis;
47;Alain Tanner;Dans la ville blanche;Dans la ville blanche;Film;FALSE;FALSE;93;1983;1983;Suisse;Suisse, Portugal, Royaume-Uni;
48;Alan Crosland;Le chanteur de jazz;The Jazz Singer;Film;FALSE;TRUE;89;1927;1927;Comédie musicale, Drame;États-Unis;
49;Alan J. Pakula;Klute;Klute;Film;FALSE;FALSE;114;1971;1971;Policier, Thriller;États-Unis;
50;Alan J. Pakula;Les Hommes du président;All the President's Men;Film;FALSE;FALSE;138;1976;1976;Thriller, Politique, Historique;États-Unis;
51;Alan Parker;Angel Heart - Aux portes de l'enfer;Angel Heart;Film;FALSE;FALSE;113;1987;1987;Fantastique, Policier;Royaume-Uni, Canada, Etats-Unis;
52;Alan Parker;Fame;Fame;Film;FALSE;FALSE;134;1980;1980;Comédie musicale, Drame;États-Unis;
53;Alan Taylor;Terminator 5 - Genysys;Terminator 5 - Genysys;Film;FALSE;FALSE;126;2015;2015;Science-fiction, Action;États-Unis;
54;Albert Capellani;8 films courts d'Albert Capellani;8 films courts (Coffret Albert Capellani DVD 4);Court-métrage;TRUE;TRUE;90;1906;1906;Drame;France;
55;Albert Capellani;Germinal;Germinal (Coffret Albert Capellani DVD 1);Film;TRUE;TRUE;121;1913;1913;France;France;
56;Albert Capellani;La Fin de Robespierre;La Fin de Robespierre;Court-métrage;TRUE;TRUE;18;1912;1912;Historique, Drame;France;
57;Albert Capellani;L'Assommoir;L'Assommoir (Coffret Albert Capellani DVD 1);Court-métrage;TRUE;TRUE;35;1908;1908;France;France;
58;Albert Capellani;Le Chevalier de Maison Rouge;Le Chevalier de Maison Rouge (Coffret Albert Capellani DVD 2);Film;TRUE;TRUE;90;1914;1914;France;France;
59;Albert Capellani;Quatre-Vingt-Treize;Coffret Albert Capellani DVD3;Film;TRUE;TRUE;100;1921;1921;France;France;
60;Albert Dupontel;Au revoir là-haut;Au revoir là-haut;Film;FALSE;FALSE;117;2017;2017;Comédie dramatique;France;
61;Albert Lewin;Le portrait de Dorian Gray;Le portrait de Dorian Gray;Film;FALSE;TRUE;110;1945;1945;Fantastique, Drame;États-Unis;
62;Albert Lewin;Pandora;Pandora and the Flying Dutchman;Film;FALSE;FALSE;119;1951;1951;Drame, Romance, Fantastique;Etats-Unis, Royaume-Uni;
63;Alejandro Amenabar;Les Autres;The Others;Film;FALSE;FALSE;104;2001;2001;Fantastique, Horreur;États-Unis, Espagne, France;
64;Alejandro Amenabar;Ouvre les yeux;Abre los ojos;Film;FALSE;FALSE;117;1997;1997;Science-fiction, Thriller;Espagne, France, Italie;
65;Alejandro G. Inarritu;21 grammes;21 Grams;Film;FALSE;FALSE;124;2003;2003;Policier, Drame, Thriller;États-Unis;
66;Alejandro G. Inarritu;Babel;Babel;Film;FALSE;FALSE;143;2006;2006;Drame;États-Unis, Mexique, France;
67;Alex Garland;Annihilation;Annihilation;Film;FALSE;FALSE;115;2018;2018;Science-fiction, Horreur;Royaume-Uni, Etats-Unis;
68;Alex Garland;Civil War;Civil War;Film;FALSE;FALSE;109;2024;2024;Guerre, Science-fiction, Action, Drame;États-Unis, Royaume-Uni;
69;Alex Garland;Ex Machina;Ex Machina;Film;FALSE;FALSE;108;2015;2015;Science-fiction, Thriller;Royaume-Uni;
70;Alex Kurtman;La Momie;La Momie;Film;FALSE;FALSE;110;2017;2017;Action, Fantastique, Aventure;États-Unis;
71;Alex Proyas;I Robot;I Robot;Film;FALSE;FALSE;115;2004;2004;Science-fiction, Action;Etats-Unis;
72;Alex Proyas;Predictions;Predictions;Film;FALSE;FALSE;103;2009;2009;Science-fiction, Thriller;États-Unis;
73;Alexander Alov & Vladimir Naoumov;Téhéran 43, nid d'espions;Téhéran 43, nid d'espions;Film;FALSE;FALSE;104;1981;1981;Thriller, Espionnage;URSS, France;
74;Alexander Payne;Nebraska;Nebraska;Film;FALSE;TRUE;115;2013;2013;Comédie dramatique;Etats-Unis;
75;Alexander Payne;The Descendants;The Descendants;Film;FALSE;FALSE;115;2011;2011;Comédie, Drame;Etats-Unis;
76;Alexandre Astier;Kaamelot - Premier volet;Kaamelot - Premier volet;Film;FALSE;FALSE;90;2011;2011;Comédie, Fantasy, Aventure;France;
77;Alexandre de La Patellière & Matthieu Delaporte;Le Comte de Monte-Cristo;Le Comte de Monte-Cristo;Film;FALSE;FALSE;178;2024;2024;Aventure, Drame;France;
78;Alexandre Dovjenko;Arsenal;Ianvarskooie Vosstaniie v Kieve v 1918 godu;Film;TRUE;TRUE;90;1929;1929;Historique, Muet;Union Soviétique;
79;Alffonso Cuaron;Harry Potter 3 Le prisonnier d'Azkaban;Harry Potter and the Prisoner of Azkaban;Film;FALSE;FALSE;141;2004;2004;Fantasy, Aventure, Famille;Royaume-Uni, États-Unis;
80;Alfonso Cuaron;Gravity;Gravity;Film;FALSE;FALSE;91;2013;2013;Science-fiction, Thriller;États-Unis, Royaume-Uni;
81;Alfonso Cuaron;La petite princesse;A Little Princess;Film;FALSE;FALSE;97;1995;1995;Drame, Famille;États-Unis;
82;Alfred E. Green;Invasion U.S.A.;Invasion U.S.A.;Film;FALSE;TRUE;73;1952;1952;Guerre froide, Espionnage;États-Unis;
83;Alfred Hitchcock;Fenêtre sur cour;Rear Window;Film;FALSE;TRUE;112;1954;1954;Policier, Thriller;Etats-Unis;
84;Alfred Hitchcock;Frenzy;Frenzy;Film;FALSE;FALSE;116;1972;1972;Policier, Thriller;Etats-Unis;
85;Alfred Hitchcock;La corde;Rope;Film;FALSE;TRUE;80;1948;1948;Policier, Thriller;Etats-Unis;
86;Alfred Hitchcock;La main au collet;To Catch a Thief;Film;FALSE;FALSE;106;1955;1955;Policier, Comédie romantique, Thriller;États-Unis;
87;Alfred Hitchcock;La maison du docteur Edwardes;Spellbound;Film;FALSE;TRUE;111;1945;1945;Policier, Thriller, Romance;États-Unis;
88;Alfred Hitchcock;La Mort aux trousses;North by Northwest;Film;FALSE;TRUE;136;1959;1959;Policier, Thriller, Aventure;États-Unis;
89;Alfred Hitchcock;Le crime était presque parfait;Dial M for Murder;Film;FALSE;TRUE;105;1954;1954;Policier, Thriller;États-Unis;
90;Alfred Hitchcock;Le Faux coupable;;Film;FALSE;TRUE;105;1957;1957;Policier, Drame;États-Unis;
91;Alfred Hitchcock;Le procès Paradine;The Paradine Case;Film;FALSE;TRUE;125;1947;1947;Policier, Drame;États-Unis;
92;Alfred Hitchcock;Les Oiseaux;The Birds;Film;FALSE;FALSE;119;1963;1963;Épouvante - Horreur, Policier;Etats-Unis;
93;Alfred Hitchcock;L'homme qui en savait trop (version 1934);L'homme qui en savait trop (version 1934);Film;FALSE;TRUE;76;1934;1934;Policier, Thriller;Royaume-Uni;
94;Alfred Hitchcock;L'homme qui en savait trop (version 1955);L'homme qui en savait trop (version 1955);Film;FALSE;FALSE;120;1955;1955;Policier, Thriller;États-Unis, Royaume-Uni;
95;Alfred Hitchcock;L'inconnu du Nord-Express;Strangers on a Train;Film;FALSE;TRUE;101;1951;1951;Policier, Thriller;États-Unis;
96;Alfred Hitchcock;Mais qui a tué Harry?;The Trouble with Harry;Film;FALSE;FALSE;99;1955;1955;Comédie, Policier;États-Unis;
97;Alfred Hitchcock;Numéro 17;Number Seventeen;Film;FALSE;TRUE;65;1932;1932;Policier, Thriller;États-Unis;
98;Alfred Hitchcock;Pas de printemps pour Marnie;Marnie;Film;FALSE;FALSE;130;1964;1964;Thriller, Policier;États-Unis;
99;Alfred Hitchcock;Psychose;Psycho;Film;FALSE;TRUE;109;1960;1960;Policier, Thriller;Etats-Unis;
100;Alfred Hitchcock;Rebecca;Rebecca;Film;FALSE;TRUE;130;1940;1940;Policier, Drame;Royaume-Uni;
101;Alfred Hitchcock;Soupçons;Suspicion;Film;FALSE;TRUE;99;1941;1941;Policier, Drame;États-Unis;
102;Alfred Hitchcock;Sueurs froides;Vertigo;Film;FALSE;TRUE;128;1958;1958;Policier, Thriller;Etats-Unis;
103;Alice Diop;Saint Omer;Saint Omer;Film;FALSE;FALSE;122;2022;2022;Drame, Judiciaire;France;
104;Alice Winocur;Proxima;Proxima;Film;FALSE;FALSE;107;2020;2020;Drame;France;
105;Allan Dwan;Iwo Jima;Sands of Iwo Jima;Film;FALSE;TRUE;100;1949;1949;Guerre, Drame;États-Unis;
106;André Cayatte;Au bonheur des dames;Au bonheur des dames;Film;FALSE;TRUE;100;1943;1943;Drame;France;
107;André Cayatte;Justice est faite;Justice est faite;Film;FALSE;TRUE;105;1950;1950;France;France;
108;André Cayatte;Nous sommes tous des assassins;Nous sommes tous des assassins;Film;FALSE;TRUE;110;1952;1952;Drame, Policier;France;
109;André Colinet;Henri Storck,, l'après-midi d'un faune;Henri Storck,, l'après-midi d'un faune;Court-métrage documentaire;TRUE;TRUE;25;2009;2009;Belgique;Belgique;
110;André Dartevelle;Trois journées d'août 1914 - Les bonus du film DVD2;Trois journées d'août 1914 - Les bonus du film DVD2;Documentaire;FALSE;FALSE;52;2014;2014;Belgique;Belgique;
111;André Dartevelle;Trois journées d'août 1914 - Les murs de Dinant;Trois journées d'août 1914 - Les murs de Dinant;Documentaire;FALSE;FALSE;52;2013;2013;Belgique;Belgique;
112;André Dartevelle;Trois journées d'août 1914 - Les villages contre l'oubli;Trois journées d'août 1914 - Les villages contre l'oubli;Documentaire;FALSE;FALSE;52;2014;2014;Belgique;Belgique;
113;André Delvaux;L'Homme au crâne rasé;De man die zijn haar kort liet knippen;Film;FALSE;TRUE;94;1965;1965;Drame;Belgique;
114;André Delvaux;Un soir, un train;Un soir, un train;Film;FALSE;TRUE;95;1968;1968;Belgique;France, Belgique;
115;André Hunebelle;Louis de Funès. Fantomas;Louis de Funès. Fantomas;Film;FALSE;FALSE;104;1964;1964;Comédie, Policier;France, Italie;
116;André Hunebelle;Louis de Funès. Fantomas 2. Fantomas se déchaîne;Louis de Funès. Fantomas 2. Fantomas se déchaîne;Film;FALSE;FALSE;100;1965;1965;Comédie, Policier;France, Italie;
117;André Hunebelle;Louis de Funès. Fantomas 3. Fantomas contre Scotland Yard;Louis de Funès. Fantomas 3. Fantomas contre Scotland Yard;Film;FALSE;FALSE;102;1967;1967;Comédie, Policier;France, Italie;
118;André Hunebelle;Monsieur Taxi;Monsieur Taxi;Film;FALSE;FALSE;90;1952;1952;Comédie;France;
119;Andrea Arnold;Les Hauts de Hurlevent;Wuthering Heights;Film;FALSE;FALSE;129;2011;2011;Drame, Romance;Royaume-Uni;
120;Andreï Tarkovski;Andreï Roublev;Andreï Roublev;Film;FALSE;TRUE;205;1966;1966;Drame, Historique;Union Soviétique;
121;Andreï Tarkovski;Andreï Tarkovski - Le cinéma comme prière;Andrey Tarkovsky. A Cinema Prayer;Documentaire;FALSE;FALSE;105;2019;2019;Documentaire, Cinéma;Russie, Suède;
122;Andreï Tarkovski;Le Miroir;Zerkalo;Film;FALSE;FALSE;108;1974;1974;URSS;Union Soviétique;
123;Andreï Tarkovski;Le Sacrifice;Offret;Film;FALSE;FALSE;100;1986;1986;Drame;Suède, Royaume-Uni, France;
124;Andreï Tarkovski;L'enfance d'Ivan;Ivanovo detstvo;Film;FALSE;TRUE;97;1962;1962;URSS;Union Soviétique;
125;Andreï Tarkovski;Nostalghia;Nostalghia;Film;FALSE;FALSE;120;1982;1982;Drame;Union Soviétique, Italie;
126;Andreï Tarkovski;Solaris;Solyaris;Film;FALSE;TRUE;169;1972;1972;URSS;Union Soviétique;
127;Andreï Tarkovski;Stalker;Stalker;Film;FALSE;FALSE;163;1979;1979;URSS;Union Soviétique;
128;Andreï Tarkovski & Tonino Guerra;Tempo di Viaggio;Tempo di Viaggio;Documentaire;FALSE;FALSE;62;1983;1983;Italie, URSS;Italie;
129;Andres Veiel;Leni Riefenstahl - La lumière et les ombres;Riefenstahl - La lumière et les ombre;Documentaire;FALSE;FALSE;90;2024;2024;Allemagne;Allemagne;
130;Andrew Adamson;Narnia 1 - The Chronicles of Narnia;Narnia 1 - The Chronicles of Narnia;Film;FALSE;FALSE;143;2005;2005;Fantasy, Aventure, Famille;Royaume-Uni, États-Unis;
131;Andrew Adamson;Narnia 2 - Le Prince Caspian;Narnia 2 - Le Prince Caspian;Film;FALSE;FALSE;150;2008;2008;Fantasy, Aventure, Famille;Royaume-Uni, États-Unis;
132;Andrew Adamson;Shrek 2;Shrek 2;Long-métrage d'animation;FALSE;FALSE;93;2004;2004;Animation, Comédie musicale;États-Unis;
133;Andrew Davis;Dommage collatéral;Dommage collatéral;Film;FALSE;FALSE;113;2002;2002;Action, Thriller;États-Unis;
134;Andrew Davis;Le Fugitif;The Fugitive;Film;FALSE;FALSE;130;1993;1993;Thriller, Action;États-Unis;
135;Andrew Niccol;Bienvenue à Gattaca;Gattaca;Film;FALSE;FALSE;106;1997;1997;Science-fiction, Drame;États-Unis;
136;Andrew Niccol;Lord of War;Lord of War;Film;FALSE;FALSE;122;2005;2005;Thriller, Guerre;États-Unis, France, Allemagne;
137;Andrew Patterson;The Vast of Night;The Vast of Night;Film;FALSE;FALSE;91;2019;2019;Science-fiction;États-Unis;
138;Andrew Stanton;Wall-E;Wall-E;Long-métrage d'animation;FALSE;FALSE;98;2008;2008;Animation, Science-fiction;États-Unis;
139;Andrew Stanton;Lee Unkrich;Le Monde de Nemo;Finding Nemo;Film;FALSE;FALSE;100;2003;2003;Animation, Aventure, Comédie;États-Unis
140;Andrew V. McLaglen;Les prairies de l'honneur;Shenandoah;Film;FALSE;FALSE;105;1965;1965;Guerre, Drame;États-Unis;
141;Andrzej Wajda;Danton;Danton;Film;FALSE;FALSE;120;1983;1983;Pologne, France;France, Pologne;
142;Andrzej Wajda;Génération;Pokolenie;Film;FALSE;TRUE;90;1954;1954;Pologne;Pologne;
143;Andrzej Wajda;Katyn;Katyn;Film;FALSE;FALSE;122;2007;2007;Pologne, Russie;Pologne;
144;Andrzej Wajda;La Terre de la grande promesse;Ziema Obiecana;Film;FALSE;FALSE;179;1975;1975;Drame, Historique;Pologne;
145;Andrzej Wajda;Sewers / Ils aimaient la vie;Kanal;Film;TRUE;TRUE;96;1957;1957;Pologne;Pologne;
146;Andrzej Wolski;Wajda, une leçon de cinéma;Wajda, une leçon de cinéma;Documentaire TV;FALSE;FALSE;52;2016;2016;France;France;
147;Andy Garcia;Adieu Cuba;The Lost City;Film;FALSE;FALSE;143;2005;2005;Drame, Historique;États-Unis;
148;Andy Tennant;Anna et le roi;Anna and the King;Film;FALSE;FALSE;148;1999;1999;Drame, Romance, Historique;États-Unis;
149;Ang Lee;Raison et Sentiments;Raison et Sentiments;Film;FALSE;FALSE;136;1995;1995;Drame, Romance;États-Unis, Taïwan;
150;Ang Lee;Tigre et Dragon;Wo hu cang long;Film;FALSE;FALSE;120;2000;2000;Action, Drame, Romance;Chine, Hong Kong, Taïwan;
151;Ann Sirot & Raphaël Balboni;Une vie démente;Une vie démente;Film;FALSE;FALSE;80;2020;2020;Belgique;Belgique;
152;Anne Cutaia & Sophie Peyrard;Alien, terreur sur grand écran;Alien, terreur sur grand écran;Moyen-métrage;FALSE;FALSE;53;2025;2025;Documentaire;France;
153;Anne Fontaine;Coco avant Chanel;Coco avant Chanel;Film;FALSE;FALSE;105;2009;2009;Biopic, Drame;France;
154;Anthony Asquith;Un Cottage dans le Dartmoor;A Cottage on Dartmoor;Film;TRUE;TRUE;79;1930;1930;Drame;Royaume-Uni;
155;Anthony Mann;La chute de l'Empire romain;The Fall of the Roman Empire;Film;FALSE;FALSE;164;1964;1964;Historique, Péplum, Drame;Etats-Unis;
156;Anthony Mann;La Porte du Diable;Devil's Doorway;Film;FALSE;TRUE;84;1949;1949;Western, Drame;Etats-Unis;
157;Anthony Mann;Le Livre noir;Reign of Terror;Film;FALSE;TRUE;89;1949;1949;Film noir, Historique;Etats-Unis;
158;Anthony Mann;Les affameurs;Bend of the River;Film;FALSE;FALSE;91;1952;1952;Western;Etats-Unis;
159;Anthony Mann;Marché de brutes;Raw Deal;Film;FALSE;TRUE;79;1948;1948;Film noir, Policier;Etats-Unis;
160;Anthony Mann;Strangers in the Night;Strangers in the Night;Film;FALSE;TRUE;56;1944;1944;Film noir, Policier;Etats-Unis;
161;Anthony Mann;Winchester 73;Winchester '73;Film;FALSE;TRUE;92;1950;1950;Western;Etats-Unis;
162;Anthony Minghella;Le Patient anglais;The English Patient;Film;FALSE;FALSE;162;1996;1996;Drame, Romance, Guerre;États-Unis, Royaume-Uni;
163;Anthony Minghella;Retour à Cold Mountain;Cold Mountain;Film;FALSE;FALSE;154;2003;2003;Drame, Guerre, Romance;États-Unis, Royaume-Uni, Roumanie;
164;Anthony Pascal;Robespierre;Robespierre;Documentaire;FALSE;FALSE;70;2016;2016;France;France;
165;Antoine Fuqua;Le Roi Arthur;King Arthur;Film;FALSE;FALSE;126;2004;2004;Aventure, Action, Historique;Royaume-Uni, Irlande;
166;Anton Corbijn;The American;The American;Film;FALSE;FALSE;105;2010;2010;Policier, Drame;États-Unis, Pays-Bas;
167;Antonin Baudry;Le chant du loup;Le chant du loup;Film;FALSE;FALSE;115;2019;2019;Thriller, Guerre;France;
168;Antonio Campos & Leigh Janiak;The Staircase Limited Series (3 DVDs);The Staircase Limited Series (3 DVDs);Mini-série;FALSE;FALSE;204;2022;2022;Thriller;États-Unis;
169;Ari Aster;Eddington;Eddington;Film;FALSE;FALSE;148;2025;2025;Comédie noire, Thriller, Western;États-Unis;
170;Ari Aster;Midsommar;Midsommar;Film;FALSE;FALSE;148;2019;2019;Épouvante - Horreur, Drame;États-Unis, Suède;
171;Armand Panigel;Le Tombeau hindou DVD 3 Bonus - Je vais vous dire quelque chose;Je vais vous dire quelque chose;Documentaire TV;FALSE;FALSE;120;1972;1972;Documentaire;France;
172;Armando Crispino;Commandos;Commandos;Film;FALSE;FALSE;91;1968;1968;Guerre;Italie, Espagne;
173;Armando Iannucci;La mort de Staline;La mort de Staline;Film;FALSE;FALSE;107;2017;2017;Comédie noire, Historique;Royaume-Uni, France, Belgique, Canada;
174;Arnaud des Pallières;Diane Wellington;Diane Wellington;Court-métrage documentaire;FALSE;TRUE;16;2010;2010;Documentaire;France, Etats-Unis;
175;Arnaud des Pallières;Disneyland, mon vieux pays natal;Disneyland, mon vieux pays natal;Moyen-métrage;FALSE;FALSE;46;2000;2000;Expérimental;France;
176;Arnaud des Pallières;Drancy Avenir;Drancy Avenir;Documentaire;FALSE;FALSE;84;1997;1997;Documentaire;France;
177;Arnaud des Pallières;Journal d'Amérique;Journal d'Amérique;Documentaire;FALSE;FALSE;111;2022;2022;Société;France;
178;Arnaud des Pallières;Le Narrateur;Le Narrateur;Court-métrage documentaire;FALSE;FALSE;10;2005;2005;Documentaire;France;
179;Arnaud des Pallières;Michael Kohlhaas;Michael Kohlhaas;Film;FALSE;FALSE;122;2013;2013;Drame, Historique;France, Allemagne;
180;Arnaud des Pallières;Poussières d'Amérique;Poussières d'Amérique;Documentaire;FALSE;FALSE;100;2011;2011;Documentaire;France;
181;Arnold Fanck et Georg Wilhelm Pabst;L'enfer blanc du Pitz Palü;Die weiße Hölle vom Piz Palü;Film;TRUE;TRUE;79;1929;1929;Allemagne;Allemagne;
182;Asghar Farhadi;A Hero (Un héros);A Hero (Un héros);Film;FALSE;FALSE;127;2021;2021;Drame;Iran, France;
183;Axel Gabriel;Le festin de Babette;Babettes gastebud;Film;FALSE;FALSE;102;1987;1987;Drame;Danemark;
184;Bacon Lloyd;Convoi vers la Russie;Action in the North Atlantic;Film;FALSE;TRUE;127;1943;1943;Guerre, Drame;Etats-Unis;
185;Barack Obama;Barack Obama Yes We Can;Barack Obama Yes We Can;Documentaire;FALSE;FALSE;66;2008;2008;Documentaire, Politique;États-Unis;
186;Barbet Schroeder;Général Idi Amin Data : Autoportrait;Général Idi Amin Data : Autoportrait;Documentaire;FALSE;FALSE;90;1974;1974;Documentaire, Biopic;France;
187;Barry Levinson;Sphère;Sphere;Film;FALSE;FALSE;134;1998;1998;Science-fiction, Thriller;États-Unis;
188;Barry Levinsson;Bandits;Bandits;Film;FALSE;FALSE;123;2001;2001;Comédie, Policier, Romance;États-Unis, Allemagne;
189;Barry Sonnenfeld;Men in Black;Men in Black;Film;FALSE;FALSE;98;1997;1997;Comédie, Science-fiction;États-Unis;
190;Basil Dearden;Khartoum;Khartoum;Film;FALSE;FALSE;134;1966;1966;Historique, Guerre, Drame;Royaume-Uni;
191;Baz Luhrmann;Australia;Australia;Film;FALSE;FALSE;165;2008;2008;Guerre, Drame, Romance, Aventure;Australie, États-Unis;
192;Baz Luhrmann;Moulin Rouge ! (2 DVD);Moulin Rouge ! (2 DVD);Film;FALSE;FALSE;127;2001;2001;Comédie musicale, Drame;Australie, États-Unis;
193;Béla Tarr;Le cheval de Turin;A Torinói Ló;Film;FALSE;TRUE;146;2011;2011;Drame;Hongrie, France, Allemagne, Suisse;
194;Ben Affleck;Argo;Argo;Film;FALSE;FALSE;120;2012;2012;Thriller, Historique, Drame;États-Unis;
195;Ben Lewis;Le Livre selon Google;Google and the World Brain;Documentaire;FALSE;FALSE;54;2013;2013;Documentaire;Royaume-Uni;
196;Bennett Miller;Le stratège;Moneyball;Film;FALSE;FALSE;133;2011;2011;Drame, Sport, Biopic;États-Unis;
197;Bennett Miller;Truman Capote;Capote;Film;FALSE;FALSE;114;2005;2005;Policier, Biopic;Etats-Unis, Canada;
198;Benoît Jacquot;Les adieux à la Reine;Les adieux à la Reine;Film;FALSE;FALSE;100;2012;2012;France;France, Espagne;
199;Bernard Pivot;Les grands entretiens de Bernard Pivot. Georges Simenon;Les grands entretiens de Bernard Pivot. Georges Simenon;Documentaire TV;FALSE;FALSE;60;;;Documentaire, Littérature;France;
200;Bernardo Bertolucci;1900;Novecento;Film;FALSE;FALSE;325;1976;1976;Drame, Historique;Italie, France, République Fédérale d'Allemagne;
201;Bernardo Bertolucci;La luna;La luna;Film;FALSE;FALSE;142;1979;1979;Drame;Italie, France;
202;Bernardo Bertolucci;Le dernier empereur;The Last Emperor;Film;FALSE;FALSE;163;1987;1987;Historique, Biopic, Drame;Royaume-Uni, Italie, Chine, France;
203;Bernardo Bertolucci;Un thé au Sahara;The Sheltering Sky;Film;FALSE;FALSE;138;1990;1990;Drame;Italie, Royaume-Uni, France;
204;Bernhard Wicki;Le Pont;Die Brücke;Film;FALSE;TRUE;103;1959;1959;Guerre, Drame;Allemagne de l'Ouest;
205;Bertrand Bonello;Saint Laurent;Saint Laurent;Film;FALSE;FALSE;150;2014;2014;Biopic, Drame;France;
206;Bertrand Tavernier;Coup de torchon;Coup de torchon;Film;FALSE;FALSE;128;1981;1981;Comédie dramatique, Policier;France;
207;Bertrand Tavernier;La Princesse de Montpensier;La Princesse de Montpensier;Film;FALSE;FALSE;139;2010;2010;Drame, Historique, Action, Romance;France, Allemagne;
208;Bertrand Tavernier;La Vie et rien d'autre;La Vie et rien d'autre;Film;FALSE;FALSE;135;1989;1989;Drame, Guerre;France;
209;Bertrand Tavernier;Laisser-passer;Laisser-passer;Film;FALSE;FALSE;165;2002;2002;Biopic, Drame, Historique, Guerre;France;
210;Bertrand Tavernier;Le Juge et l'Assassin;Le Juge et l'Assassin;Film;FALSE;FALSE;128;1976;1976;Policier, Drame, Historique;France;
211;Bertrand Tavernier;L'Horloger de Saint-Paul;L'Horloger de Saint-Paul;Film;FALSE;FALSE;105;1974;1974;Policier, Drame;France;
212;Bertrand Tavernier;Quai d'Orsay;Quai d'Orsay;Film;FALSE;FALSE;113;2003;2003;Comédie;France;
213;Bertrand Tavernier;Voyage à travers le cinéma français;Voyage à travers le cinéma français;Documentaire;FALSE;FALSE;201;2017;2017;Cinéma;France;
214;Bertrand Tavernier & Frémiaux; Thierry;Lumière ! Le cinématographe 1895-1905 (2 DVD);Lumière ! Le cinématographe 1895-1905 (2 DVD);Court-métrage;FALSE;FALSE;90;2015;2015;France;France
215;Bì Gàn;Resurrection;Kuangye shidai;Film;FALSE;FALSE;154;2025;2025;Chine;Chine, France;
216;Bille August;Goodbye Bafana;Goodbye Bafana;Film;FALSE;FALSE;118;2007;2007;Drame, Biopic;Allemagne, Royaume-Uni, Luxembourg, Belgique, Afrique du Sud;
217;Bille August;The Lost Soldier;The Lost Soldier;Film;FALSE;FALSE;90;2017;2017;Guerre, Drame;Suède, Danemark;
218;Billy Wilder;7 ans de réflexion;The Seven Year Itch;Film;FALSE;FALSE;105;1955;1955;Comédie romantique;États-Unis;
219;Billy Wilder;Assurance sur la mort;Double Indemnity;Film;FALSE;TRUE;107;1944;1944;Film noir, Policier, Drame;États-Unis;
220;Billy Wilder;Boulevard du Crépuscule;Sunset Blvd.;Film;FALSE;TRUE;110;1950;1950;Drame, Film noir;États-Unis;
221;Billy Wilder;Certains l'aiment chaud;Some Like It Hot;Film;FALSE;TRUE;122;1959;1959;Comédie;États-Unis;
222;Blain Brown;Cinematography: Theory and Practice. Image Making for Cinematographers and Directors (DVD);Cinematography: Theory and Practice. Image Making for Cinematographers and Directors (DVD);Documentaire;FALSE;FALSE;;2012;2012;Documentaire, Cinéma;;
223;Blake Edwards;Diamants sur canapé;Breakfast at Tiffany's;Film;FALSE;FALSE;115;1961;1961;Comédie romantique;États-Unis;
224;Blake Edwards;La Party;The Party;Film;FALSE;FALSE;100;1968;1968;Comédie;Etats-Unis;
225;Bob Fosse;Cabaret;Cabaret;Film;FALSE;FALSE;124;1972;1972;Comédie musicale, Drame;États-Unis;
226;Bob Fosse;Que le spectacle commence / All That Jazz;Que le spectacle commence / All That Jazz;Film;FALSE;FALSE;123;1979;1979;Comédie musicale, Drame;États-Unis;
227;Bong Joon Ho;Parasite;Gisaengchoong;Film;FALSE;FALSE;132;2019;2019;Drame, Thriller;Corée du Sud;
228;Bong Joon Ho;Snowpiercer (Le Transperceneige);Snowpiercer (Le Transperceneige);Film;FALSE;FALSE;126;2013;2013;Action, Science-fiction, Thriller;Corée du Sud, République tchèque;
229;Boris Barnet;La Maison de la place Troubnaia;Dom na Trubnoy;Film;TRUE;TRUE;64;1928;1928;Comédie dramatique, Muet;Union Soviétique;
230;Boris Barnet;Un brave garçon;Novgorodtsy;Film;FALSE;FALSE;67;1943;1943;Guerre, Comédie musicale;Union Soviétique;
231;Boris Hars-Tschachotin;Blade Runner : Au-delà de la fiction;Das Phänomen Blade Runner;Documentaire;FALSE;FALSE;53;2021;2021;Documentaire, Cinéma;Allemagne;
232;Boris Sagal;Le Survivant;The Omega Man;Film;FALSE;FALSE;98;1971;1971;Science-fiction;États-Unis;
233;Bouli Lanners;Les Géants;Les Géants;Film;FALSE;FALSE;97;2011;2011;Comédie dramatique;Belgique;
234;Brad Bird;Les Indestructibles (2 DVD);Les Indestructibles (2 DVD);Long-métrage d'animation;FALSE;FALSE;115;2004;2004;Animation, Super-héros;États-Unis;
235;Brad Bird;Mission: Impossible Ghost Protocol;Mission: Impossible Ghost Protocol;Film;FALSE;FALSE;133;2011;2011;Action;États-Unis;
236;Brad Bird & Jan Pinkava;Ratatouille;Ratatouille;Film;FALSE;FALSE;111;2007;2007;Animation, Comédie, Famille;États-Unis;
237;Brad Silberling;City of Angels;City of Angels;Film;FALSE;FALSE;114;1998;1998;Romance, Fantastique, Drame;États-Unis, Allemagne;
238;Brenda Chapman & al.;Le Prince d'Egypte;The Prince of Egypt;Film;FALSE;FALSE;99;1998;1998;Animation, Historique, Musical;États-Unis;
239;Brett Ratner;X-Men 3 : L'Affrontement final;X-Men: The Last Stand;Film;FALSE;FALSE;104;2006;2006;Action, Super-héros;Etats-Unis;
240;Brian De Palma;Body Double;Body Double;Film;FALSE;FALSE;114;1984;1984;Thriller, Policier, Érotique;États-Unis;
241;Brian De Palma;Carrie au bal du diable;Carrie;Film;FALSE;FALSE;98;1976;1976;Horreur;États-Unis;
242;Brian De Palma;Mission to Mars;Mission to Mars;Film;FALSE;FALSE;114;2000;2000;Science-fiction, Thriller;États-Unis;
243;Brian De Palma;Outrages / Casuaties of War;Outrages / Casuaties of War;Film;FALSE;FALSE;120;1989;1989;Guerre, Drame;États-Unis;
244;Brian De Palma;Scarface;Scarface;Film;FALSE;FALSE;170;1983;1983;Policier, Gangster;États-Unis;
245;Bryan Singer;Usual Suspects;The Usual Suspects;Film;FALSE;FALSE;106;1995;1995;Policier, Thriller;États-Unis;
246;Bryan Singer;Walkyrie;Valkyrie;Film;FALSE;FALSE;121;2008;2008;Guerre, Drame;États-Unis, Allemagne;
247;Bryan Singer;X-Men 1;X-Men;Film;FALSE;FALSE;104;2000;2000;Action, Super-héros;Etats-Unis;
248;Bryan Singer;X-Men 2;X2;Film;FALSE;FALSE;104;2003;2003;Action, Super-héros;Etats-Unis;
249;Byron Haskin;La Guerre des mondes;La Guerre des mondes;Film;FALSE;FALSE;85;1953;1953;Science-fiction, Guerre des mondes;États-Unis;
250;Byron Haskin;War of the Worlds;War of the Worlds;Film;FALSE;TRUE;85;1953;1953;Science-fiction;États-Unis;
251;Cameron Crowe;Vanilla Sky;Vanilla Sky;Film;FALSE;FALSE;136;2001;2001;Science-fiction, Thriller;États-Unis;
252;Carl Erik Rinsch;Les 47 Rônins;47 Ronins;Film;FALSE;FALSE;118;2013;2013;Fantasy, Aventure;Etats-Unis;
253;Carl Reiner;Les cadavres ne portent pas de costard;Dead Men Don't Wear Plaid;Film;FALSE;TRUE;98;1982;1982;Comédie noire, Policier;États-Unis;
254;Carl Strathie;Solis;Solis;Film;FALSE;FALSE;91;2018;2018;Science-fiction;Royaume-Uni;
255;Carl Theodor Dreyer;La Parole;Ordet;Film;FALSE;TRUE;126;1955;1955;Drame;Danemark;
256;Carl Theodor Dreyer;La Passion de Jeanne d'Arc;Lidelse og Dod;Film;TRUE;TRUE;114;1928;1928;Drame;Danemark;
257;Carmine Gallone;Le Chant de la Vie;Il canto della vita;Film;FALSE;FALSE;80;1945;1945;Drame;Italie;
258;Carmino Gallone;Fernandel 2 Le retour de Don Camillo;Fernandel 2 Le retour de Don Camillo;Film;FALSE;TRUE;83;1953;1953;Comédie dramatique;France, Italie;
259;Carmino Gallone;Fernandel 4 Don Camillo Monseigneur !;Fernandel 4 Don Camillo Monseigneur !;Film;FALSE;FALSE;95;1961;1961;Comédie;France, Italie;
260;Carol Reed;Le Troisième Homme;The Third Man;Film;FALSE;TRUE;93;1949;1949;Film noir, Thriller;Royaume-Uni;
261;Carol Reed;Oliver!;Oliver!;Film;FALSE;FALSE;153;1968;1968;Comédie musicale, Drame;Royaume-Uni;
262;Cary Joji Fukunaga;James Bond 007 -25 No Time to Die;No Time to Die;Film;FALSE;FALSE;163;2021;2021;Action, Espionnage;Royaume-Uni, États-Unis;
263;Cary Joji Fukunaga;Jane Eyre;Jane Eyre;Film;FALSE;FALSE;121;2011;2011;Drame, Romance;Royaume-Uni, États-Unis;
264;Cathleen O'Connell;War of the worlds. La guerre des mondes selon Orson Welles;American Experience: War of the worlds;Documentaire;FALSE;FALSE;53;2013;2013;Documentaire;États-Unis;
265;Cecil B. DeMille;Les Dix Commandements;The Ten Commandments;Film;FALSE;FALSE;220;1956;1956;Aventure, Drame, Péplum;Etats-Unis;
266;Cécili Matureli & Avril Poirier;Deux Âmes;Dwa Serduszka;Court-métrage documentaire;FALSE;FALSE;15;2025;2025;Belgique;Belgique, Pologne;
267;Cédric Kahn;Le Procès Goldman;Le Procès Goldman;Film;FALSE;FALSE;116;2023;2023;Drame, Historique, Policier;France;
268;Cédric Klapisch;L'auberge espagnole;L'auberge espagnole;Film;FALSE;FALSE;122;2002;2002;Comédie dramatique;France, Espagne;
269;Cédric Klapisch;Ni pour, ni contre (bien au contraire);Ni pour, ni contre (bien au contraire);Film;FALSE;FALSE;100;2003;2003;Comédie dramatique;France;
270;Céline Song;Past Lives;Past Lives;Film;FALSE;FALSE;106;2024;2024;Drame, Romance;États-Unis;
271;Céline Song;Past Lives / Nos vies d'avant;Past Lives;Film;FALSE;FALSE;105;2023;2023;Drame, Romance;Etats-Unis;
272;Chantal Akerman;Jeanne Dielman, 23 Quai du Commerce, 1080 Bruxelles;Jeanne Dielman, 23 Quai du Commerce, 1080 Bruxelles;Film;FALSE;FALSE;201;1975;1975;Belgique, France;France;
273;Chantal Akerman;Sud;Sud;Documentaire;FALSE;FALSE;71;1999;1999;Documentaire;France, Belgique;
274;Chantal Akerman;Un divan à New York;Un divan à New York;Film;FALSE;FALSE;145;1996;1996;Comédie dramatique;France, Belgique;
275;Charles Chaplin;Chaplin éternel (2 DVD);Chaplin éternel (2 DVD);Film;TRUE;TRUE;;2002;2002;Comédie (burlesque muet);États-Unis;
276;Charles Chaplin;La Ruée ver l'or;La Ruée ver l'or;Film;TRUE;TRUE;72;1925;1925;Comédie, Aventure;États-Unis;
277;Charles Chaplin;Le dictateur;The Great Dictator;Film;FALSE;TRUE;125;1940;1940;Comédie, Satire;États-Unis;
278;Charles Chaplin;Le Vagabond;The Vagabond;Court-métrage;TRUE;TRUE;24;1916;1916;Comédie;États-Unis;
279;Charles Chaplin;L'émigrant;The Immigrant;Court-métrage;TRUE;TRUE;25;1917;1917;Comédie, Drame;États-Unis;
280;Charles Chaplin;Les Temps modernes;Modern Times;Film;FALSE;TRUE;87;1936;1936;Comédie dramatique, Muet;États-Unis;
281;Charles Chaplin;L'opinion publique;A Woman of Paris: a Drama of Fate;Film;TRUE;TRUE;79;1923;1923;Drame, Romance, Muet;Etats-Unis;
282;Charles Crichton;Un poisson nommé Wanda;A Fish Called Wanda;Film;FALSE;FALSE;108;1988;1988;Comédie;États-Unis, Royaume-Uni;
283;Charles de Lauziriki;Des temps difficiles: le Making-of de Blade Runner;Dangerous Days : Making Blade Runner;Documentaire;FALSE;FALSE;213;2007;2007;Documentaire, Cinéma;Etats-Unis;
284;Charles Laughton;La nuit du chasseur;The Night of the Hunter;Film;FALSE;TRUE;93;1955;1955;Thriller, Drame, Film noir;États-Unis;
285;Charles le Bargy & André Calmettes;L'assassinat du Duc de Guise;L'assassinat du Duc de Guise;Court-métrage;TRUE;TRUE;18;1908;1908;France;France;
286;Charles Sturridge;Le Mystère des fées - Une histoire vraie;FairyTale: A True Story;Film;FALSE;FALSE;99;1997;1997;Fantastique, Romance;Royaume-Uni, États-Unis;
287;Charles Vidor;Gilda;Gilda;Film;FALSE;TRUE;110;1946;1946;Drame, Film noir, Romance;États-Unis;
288;Chloé Zhao;Nomadland;Nomadland;Film;FALSE;FALSE;108;2020;2020;Drame;Etats-Unis, Allemagne;
289;Chris Columbus;Harry Potter 1 A l'école des sorciers;Harry Potter and the Philosopher's Stone;Film;FALSE;FALSE;152;2001;2001;Fantasy, Aventure, Famille;Royaume-Uni, États-Unis;
290;Chris Columbus;Harry Potter 2 Harry Potter et la chambre des secrets;Harry Potter and the Chamber of Secrets;Film;FALSE;FALSE;161;2002;2002;Fantasy, Aventure, Famille;Royaume-Uni, États-Unis;
291;Chris Marker;Chats perchés;Chats perchés;Court-métrage documentaire;FALSE;FALSE;60;2004;2004;Documentaire, Essai;France;
292;Chris Marker;E-clip-se;E-clip-se;Court-métrage documentaire;TRUE;TRUE;8;1999;1999;Expérimental;France;
293;Chris Marker;Junkopia;Junkopia;Court-métrage;FALSE;FALSE;6;1981;1981;Expérimental;France;
294;Chris Marker;La Jetée;La Jetée;Court-métrage;FALSE;TRUE;28;1962;1962;Drame, Romance, Science-fiction, Expérimental;France;
295;Chris Marker;L'Ambassade;Ambassade;Court-métrage documentaire;FALSE;TRUE;20;1973;1973;France;France;
296;Chris Marker;Le fond de l'air est rouge;Le fond de l'air est rouge;Documentaire;FALSE;FALSE;180;1977;1977;Documentaire, Politique, Essai;France;
297;Chris Marker;Sans soleil;Sans soleil;Documentaire;FALSE;FALSE;100;1983;1983;Documentaire, Essai;France;
298;Chris Marker & al.;Loin du Vietnam;Loin du Vietnam;Documentaire;FALSE;FALSE;115;1967;1967;France;France;
299;Chris McKay;The Tomorrow War;The Tomorrow War;Film;FALSE;FALSE;138;2021;2021;Science-fiction, Action;États-Unis;
300;Chris Wedge;Epic;Epic;Film;FALSE;FALSE;102;2013;2013;Animation, Fantasy, Famille;États-Unis;
301;Chris Wedge;Robots;Robots;Film;FALSE;FALSE;91;2005;2005;Animation, Comédie, Famille;États-Unis;
302;Chris Wedge;Carlos Saldanha;L'Âge de glace;Ice Age;Film;FALSE;FALSE;81;2002;2002;Animation, Comédie, Aventure;États-Unis
303;Chris Weitz;A Better Life;A Better Life;Film;FALSE;FALSE;98;2011;2011;Drame;États-Unis;
304;Christian De Chalonge;Malevil;Malevil;Film;FALSE;FALSE;96;1981;1981;Science-fiction;France;
305;Christian Nyby & Howard Hawks;La Chose d'un autre monde;The Thing from Another World;Film;FALSE;TRUE;87;1951;1951;Épouvante - Horreur, Science-fiction;Etats-Unis;
306;Christian Petzold;Barbara;Barbara;Film;FALSE;FALSE;105;2012;2012;Drame;Allemagne;
307;Christian Rivers;Mortal Engines;Mortal Engines;Film;FALSE;FALSE;128;2018;2018;Aventure, Fantasy;Royaume-Uni, États-Unis;
308;Christian Vockman;Renaissance;Renaissance;Long-métrage d'animation;FALSE;FALSE;105;2006;2006;Animation, Science-fiction;Royaume-Uni, France, Luxembourg;
309;Christian-Jaque;Boule de Suif;Boule de Suif;Film;FALSE;TRUE;103;1945;1945;Drame;France;
310;Christian-Jaque;La Chartreuse de Parme;La Chartreuse de Parme;Film;FALSE;TRUE;163;1948;1948;Drame;France, Italie;
311;Christian-Jaque;La symphonie fantastique;La symphonie fantastique;Film;FALSE;TRUE;95;1942;1942;Biopic, Musical, Drame;France;
312;Christian-Jaque;Nana;Nana;Film;FALSE;TRUE;120;1955;1955;Drame, Romance;France;
313;Christine Jeffs;Sunshine Cleaning;Sunshine Cleaning;Film;FALSE;FALSE;91;2008;2008;Comédie dramatique;États-Unis;
314;Christophe Barratier;Les Choristes;Les choristes;Film;FALSE;FALSE;97;2004;2004;Drame;France;
315;Christopher McQuarrie;Mission: Impossible - The Final Reckoning;Mission: Impossible - The Final Reckoning;Film;FALSE;FALSE;170;2025;2025;Action;Etats-Unis;
316;Christopher Nolan;Batman Begins;Batman Begins;Film;FALSE;FALSE;140;2005;2005;Action, Super-héros, Fantastique;États-Unis, Royaume-Uni;
317;Christopher Nolan;Dunkirk;Dunkirk;Film;FALSE;FALSE;106;2017;2017;Guerre, Historique, Drame;Royaume-Uni, France, Pays-Bas, États-Unis;
318;Christopher Nolan;Inception;Inception;Film;FALSE;FALSE;148;2010;2010;Science-fiction, Thriller, Action;États-Unis, Royaume-Uni;
319;Christopher Nolan;Interstellar;Interstellar;Film;FALSE;FALSE;169;2014;2014;Science-fiction, Drame;États-Unis, Royaume-Uni;
320;Christopher Nolan;Le Prestige;Le Prestige;Film;FALSE;FALSE;130;2006;2006;Drame, Thriller, Fantastique;États-Unis, Royaume-Uni;
321;Christopher Nolan;L'Odyssée;The Odyssey;Film;FALSE;FALSE;172;2026;2026;Aventure, Drame, Fantasy, Peplul;;
322;Christopher Nolan;Memento;Memento;Film;FALSE;FALSE;113;2000;2000;Thriller, Policier;États-Unis;
323;Christopher Nolan;Oppenheimer;Oppenheimer;Film;FALSE;FALSE;180;2023;2023;Drame, Historique, Biopic;États-Unis;
324;Christopher Nolan;The Dark Knight - Le Chevalier noir;The Dark Knight;Film;FALSE;FALSE;152;2008;2008;Action, Super-héros, Policier;États-Unis, Royaume-Uni;
325;Claire Angelini;Ce gigantesque retournement de la Terre;Ce gigantesque retournement de la Terre;Documentaire;FALSE;FALSE;60;2015;2015;France;France;
326;Claire Angelini;Chronique du tiers-exclu;Chronique du tiers-exclu;Documentaire;FALSE;FALSE;95;2017;2017;Documentaire;France;
327;Claire Angelini;La guerre est proche;La guerre est proche;Documentaire;FALSE;FALSE;70;2011;2011;France;France;
328;Claire Jeanteur;Un long dialogue avec Toi;Un long dialogue avec Toi;Court-métrage documentaire;FALSE;FALSE;52;2009;2009;Belgique;France;
329;Clark Johnson;S.W.A.T. : Unité d'élite;S.W.A.T.;Film;FALSE;FALSE;117;2003;2003;Action, Policier;États-Unis;
330;Claude Autant-Lara;La Traversée de Paris;La Traversée de Paris;Film;FALSE;TRUE;80;1956;1956;Comédie dramatique, Guerre;France, Italie;
331;Claude Bernard-Aubert;L'affaire Dominici;L'affaire Dominici;Documentaire TV;FALSE;FALSE;;1973;1973;Documentaire;France;
332;Claude Berri;Jean de Florette;Jean de Florette;Film;FALSE;FALSE;120;1986;1986;Drame;Suisse, France, Italie;
333;Claude Berri;Jean de Florette II : Manon des sources;Manon des sources;Film;FALSE;FALSE;113;1986;1986;Drame;Suisse, France, Italie;
334;Claude Berri;Tchao Pantin;Tchao Pantin;Film;FALSE;FALSE;98;1983;1983;Policier, Drame;France;
335;Claude Chabrol;La cérémonie;La cérémonie;Film;FALSE;FALSE;111;1995;1995;Drame, Thriller;France;
336;Claude Chabrol;La Décade prodigieuse;La Décade prodigieuse;Film;FALSE;FALSE;110;1971;1971;Thriller;France, Italie;
337;Claude Chabrol;Les biches;Les biches;Film;FALSE;FALSE;99;1968;1968;Doublon apparent de la ligne 1239 (même film);France;
338;Claude Chabrol;Les biches;Les biches;Film;FALSE;FALSE;99;1968;1968;Drame;France;
339;Claude Chabrol;Madame Bovary;Madame Bovary;Film;FALSE;FALSE;137;1991;1991;Drame;France;
340;Claude Chabrol;Merci pour le chocolat;Merci pour le chocolat;Film;FALSE;FALSE;99;2000;2000;Comédie dramatique;France;
341;Claude Chabrol;Rien ne va plus;Rien ne va plus;Film;FALSE;FALSE;95;1997;1997;Comédie, Thriller;France;
342;Claude Chabrol;Une affaire de femmes;Une affaire de femmes;Film;FALSE;FALSE;104;1988;1988;Drame;France;
343;Claude Lanzmann;Shoah 1ère époque : DVD 1 / DVD 2;Shoah 1ère époque : DVD 1 / DVD 2;Documentaire;FALSE;FALSE;273;1985;1985;France;France;
344;Claude Lanzmann;Shoah 2è époque : DVD 3 / DVD 4;Shoah 2è époque : DVD 3 / DVD 4;Documentaire;FALSE;FALSE;273;1985;1985;France;France;
345;Claude Lelouch;Les uns et les autres;Les uns et les autres;Film;FALSE;FALSE;185;1981;1981;Drame, Musical;France;
346;Claude Miller;Garde à vue;Garde à vue;Film;FALSE;FALSE;87;1981;1981;Policier, Drame, Thriller;France;
347;Claude Miller;Mortelle randonnée;Mortelle randonnée;Film;FALSE;FALSE;120;1983;1983;Drame, Thriller, Road Movie;France;
348;Claude Miller;Thérèse Desqueyroux;Thérèse Desqueyroux;Film;FALSE;FALSE;110;2012;2012;Drame;France;
349;Claude Miller;Un secret;Un secret;Film;FALSE;FALSE;100;2007;2007;Drame, Guerre;France;
350;Claude Sautet;Classe tous risques;Classe tous risques;Film;FALSE;TRUE;110;1960;1960;Policier, Drame;France, Italie;
351;Claude Sautet;Garçon !;Garçon !;Film;FALSE;FALSE;120;1983;1983;Comédie dramatique;France;
352;Claude Sautet;Les choses de la vie;Les choses de la vie;Film;FALSE;FALSE;122;1970;1970;Drame, Romance;France;
353;Claude Sautet;Un cœur en hiver;Un cœur en hiver;Film;FALSE;FALSE;91;1992;1992;Romance, Drame;France;
354;Claude Sautet;Vincent, François, Paul et les autres...;Vincent, François, Paul... et les autres;Film;FALSE;FALSE;120;1974;1974;Comédie dramatique;France;
355;Clint Eastwood;Au-delà;Hereafter;Film;FALSE;FALSE;129;2010;2010;Drame, Fantastique;États-Unis;
356;Clint Eastwood;Bird;Bird;Film;FALSE;FALSE;161;1988;1988;Biopic, Drame, Musical;États-Unis;
357;Clint Eastwood;Créance de sang;Blood work;Film;FALSE;FALSE;110;2002;2002;Policier, Thriller;États-Unis;
358;Clint Eastwood;Firefox : L'Arme absolue;Firefox;Film;FALSE;FALSE;91;1982;1982;Action, Espionnage, Guerre froide;États-Unis;
359;Clint Eastwood;Gran Torino;Gran Torino;Film;FALSE;FALSE;116;2008;2008;Drame;États-Unis;
360;Clint Eastwood;Impitoyable;Unforgiven;Film;FALSE;FALSE;131;1992;1992;Western, Drame;États-Unis;
361;Clint Eastwood;Invictus;Invictus;Film;FALSE;FALSE;134;2009;2009;Biopic, Drame, Sport;États-Unis;
362;Clint Eastwood;J. Edgar;J. Edgar;Film;FALSE;FALSE;137;2011;2011;Biopic, Drame, Policier;États-Unis;
363;Clint Eastwood;Mémoires de nos pères;Flags of Our Fathers;Film;FALSE;FALSE;132;2006;2006;Guerre, Drame;Etats-Unis;
364;Clint Eastwood;Mémoires de nos pères II Lettres d'Iwo Jima;Mémoires de nos pères II Lettres d'Iwo Jima;Film;FALSE;FALSE;141;2007;2007;Guerre, Drame;États-Unis;
365;Clint Eastwood;Million Dollar Baby;Million Dollar Baby;Film;FALSE;FALSE;133;2004;2004;Drame, Sport;États-Unis;
366;Clint Eastwood;Minuit dans le Jardin du Bien et du Mal;Minuit dans le Jardin du Bien et du Mal;Film;FALSE;FALSE;155;1997;1997;Drame, Policier;États-Unis;
367;Clint Eastwood;Pale Rider, le cavalier solitaire;Pale Rider;Film;FALSE;FALSE;115;1985;1985;Western;États-Unis;
368;Clint Eastwood;Sur la route de Madison;The Bridges of Madison County;Film;FALSE;FALSE;135;1995;1995;Drame, Romance;États-Unis;
369;Clint Eastwood;Un frisson dans la nuit;Play Misty for Me;Film;FALSE;FALSE;102;1971;1971;Thriller;États-Unis;
370;Clyde Bruckman & Buster Keaton;Le mécano de la Générale;The General;Film;TRUE;TRUE;79;1926;1926;Comédie, Aventure;Etats-Unis;
371;Clyde Geronimi & al.;Alice au pays des merveilles;Alice in Wonderland;Film;FALSE;FALSE;75;1951;1951;Comédie musicale, Animation, Fantasy;États-Unis;
372;Cole Webley;Sur la route d'Omaha;Omaha;Film;FALSE;FALSE;83;2025;2025;Drame;États-Unis;
373;Collection 39-45;Le bombardement de Dresde, 13-14 février 1945;Le bombardement de Dresde, 13-14 février 1945;Documentaire;FALSE;FALSE;;;;Documentaire, Guerre;France;
374;Collin Trevorrow;Jurassic World;Jurassic World;Film;FALSE;FALSE;124;2015;2015;Aventure, Science-fiction;États-Unis;
375;Costa-Gavras;Clair de femme;Clair de femme;Film;FALSE;FALSE;105;1979;1979;Drame, Romance;France, Allemagne;
376;Costa-Gavras;Etat de siège;Etat de siège;Film;FALSE;FALSE;120;1972;1972;Drame, Politique;France, Algérie, Allemagne de l'Ouest, Italie;
377;Costa-Gavras;L'aveu;L'aveu;Film;FALSE;FALSE;140;1970;1970;Drame, Historique, Politique;France, Italie, Allemagne de l'Ouest;
378;Costa-Gavras;Missing - Porté disparu;Missing;Film;FALSE;FALSE;122;1982;1982;Drame, Politique;États-Unis, France;
379;Costa-Gavras;Z;Z;Film;FALSE;FALSE;127;1969;1969;Drame, Politique;France, Algérie;
380;Costas Ferris;Rembetiko (ed. 2004);Rembetiko (ed. 2004);Film;FALSE;FALSE;93;1983;1983;Musical, Drame;Grèce;
381;Craig Mazin;Chernobyl, mini-série 5 épisodes (2 DVDs);Chernobyl, mini-série 5 épisodes (2 DVDs);Mini-série;FALSE;FALSE;330;2019;2019;Drame, Historique, Catastrophe;États-Unis, Royaume-Uni;
382;CSSPNQL;L'héritage des pensionnats indiens au Québec;L'héritage des pensionnats indiens au Québec;Documentaire;FALSE;FALSE;60;2009;2009;Documentaire, Société;Canada;
383;Curtis Hanson;L.A. Confidential;L.A. Confidential;Film;FALSE;FALSE;138;1997;1997;Policier, Film noir, Thriller;États-Unis;
384;Dai Sijie;Balzac et la petite tailleuse chinoise;Balzac et la petite tailleuse chinoise;Film;FALSE;FALSE;111;2002;2002;Drame, Romance;France, Chine;
385;Damien Chazelle;La La Land;La La Land;Film;FALSE;FALSE;128;2016;2016;Comédie musicale, Romance, Drame;États-Unis;
386;Damien O'Donnell;Fish and chips;East Is East;Film;FALSE;FALSE;96;1999;1999;Comédie dramatique;Royaume-Uni;
387;Dan Trachtenberg;Predator: Badlands;Predator: Badlands;Film;FALSE;FALSE;107;2025;2025;Science-fiction, Action;Etats-Unis;
388;Daniel Auteuil;Marcel Pagnol: Fanny;Marcel Pagnol: Fanny;Film;FALSE;FALSE;133;2013;2013;Drame;France;
389;Daniel Auteuil;Marcel Pagnol: Marius;Marcel Pagnol: Marius;Film;FALSE;FALSE;92;2013;2013;Drame;France;
390;Daniel Kwan & Daniel Scheinert;Everything Everywhere All At Once;Everything Everywhere All At Once;Film;FALSE;FALSE;140;2022;2022;Science-fiction, Comédie, Fantastique;États-Unis;
391;Daniel Myrick;Ultimate Patrol;Ultimate Patrol;Film;FALSE;FALSE;90;2008;2008;Fantastique;États-Unis;
392;Danièle Thompson;Fauteuils d'orchestre;Fauteuils d'orchestre;Film;FALSE;FALSE;100;2006;2006;Comédie dramatique;France;
393;Danny Boon;Bienvenue chez les Ch'tis;Bienvenue chez les Ch'tis;Film;FALSE;FALSE;106;2008;2008;Comédie;France;
394;Danny Boyle;28 jours plus tard;28 Days Later;Film;FALSE;FALSE;113;2002;2002;Épouvante - Horreur;Royaume-Uni;
395;Danny Boyle;Slumdog Millionaire;Slumdog Millionaire;Film;FALSE;FALSE;120;2008;2008;Comédie dramatique, Drame;Royaume-Uni;
396;Danny DeVito;La guerre des Rose;The War of the Roses;Film;FALSE;FALSE;116;1989;1989;Comédie noire, Drame, Romance;États-Unis;
397;Dario Argento;Suspiria;Suspiria;Film;FALSE;FALSE;98;1977;1977;Fantastique, Thriller, Epouvante-Horreur;Italie;
398;Darren Aronofsky;Black Swan;Black Swan;Film;FALSE;FALSE;108;2010;2010;Thriller psychologique, Drame;États-Unis;
399;Darren Aronofsky;The Whale;The Whale;Film;FALSE;FALSE;117;2022;2022;Drame;Etats-Unis;
400;David Chanterannes;Napoléon au cinéma;Napoléon vu par Abel Gance DVD 3;Documentaire;FALSE;FALSE;30;2025;2025;Documentaire, Cinéma;France;
401;David Cronenberg;Dead Zone;The Dead Zone;Film;FALSE;FALSE;103;1983;1983;Fantastique, Thriller;États-Unis;
402;David Fincher;Alien 3;Alien 3;Film;FALSE;FALSE;114;1992;1992;Science-Fiction, Epouvante, Horreur;Etats-Unis;
403;David Fincher;L'étrange Histoire de Benjamin Button;The Curious Case of Benjamin Button;Film;FALSE;FALSE;166;2008;2008;Drame, Fantastique, Romance;États-Unis;
404;David Fincher;Millénium : Les Hommes qui n'aimaient pas les femmes;The Girl with the Dragon Tattoo;Film;FALSE;FALSE;158;2011;2011;Thriller, Policier;Suède;
405;David Fincher;Panic Room;Panic Room;Film;FALSE;FALSE;112;2002;2002;Thriller, Policier;États-Unis;
406;David Fincher;Seven;Se7en;Film;FALSE;FALSE;127;1995;1995;Thriller, Policier;États-Unis;
407;David Fincher;The Game;The Game;Film;FALSE;FALSE;129;1997;1997;Thriller;Etats-Unis;
408;David Fincher;Zodiac;Zodiac;Film;FALSE;FALSE;157;2007;2007;Policier, Drame;États-Unis;
409;David Foenkinos;La délicatesse;La délicatesse;Film;FALSE;FALSE;104;2011;2011;Comédie dramatique, Romance;France;
410;David Frankel;Le diable s'habille en Prada;The Devil Wears Prada;Film;FALSE;FALSE;109;2006;2006;Comédie dramatique;États-Unis;
411;David Frankel;Le diable s'habille en Prada 2;The Devil Wears Prada 2;Film;FALSE;FALSE;119;2026;2026;Comédie dramatique;États-Unis;
412;David Lean;Docteur Jivago;Docteur Jivago;Film;FALSE;FALSE;197;1965;1965;Drame, Romance, Historique;Royaume-Uni, États-Unis;
413;David Lean;La route des Indes;A Passage to India;Film;FALSE;FALSE;164;1984;1984;Drame, Historique, Romance;Royaume-Uni, États-Unis, Inde;
414;David Lean;Le Pont de la rivière Kwaï;The Bridge on the River Kwai;Film;FALSE;FALSE;161;1957;1957;Guerre, Drame;Royaume-Uni, États-Unis;
415;David Lowery;The Green Knight;The Green Knight;Film;FALSE;FALSE;130;2021;2021;Fantasy, Aventure;États-Unis, Royaume-Uni;
416;David Lynch;Dune;Dune;Film;FALSE;FALSE;137;1984;1984;Science-fiction;États-Unis;
417;David Lynch;Elephant Man;The Elephant Man;Film;FALSE;TRUE;124;1980;1980;Drame, Biopic;Royaume-Uni, États-Unis;
418;David Lynch;Lost Highway;Lost Highway;Film;FALSE;FALSE;134;1997;1997;Thriller, Mystère;États-Unis, France;
419;David Lynch;Mulholland Drive;Mulholland Dr.;Film;FALSE;FALSE;147;2001;2001;Drame, Mystère;Etats-Unis, France;
420;David Lynch;Sailor & Lula;Wild at Heart;Film;FALSE;FALSE;104;1990;1990;Drame, Comédie dramatique;Etats-Unis;
421;David Lynch;Twin Peaks : Les 7 derniers jours de Laura Palmer;Twin Peaks: Fire Walk with Me;Film;FALSE;FALSE;135;1992;1992;Drame, Mystère;États-Unis, France;
422;David Lynch;Une histoire vraie;The Straight Story;Film;FALSE;FALSE;111;1999;1999;Drame;États-Unis;
423;David R. Ellis;Cellular;Cellular;Film;FALSE;FALSE;94;2004;2004;Thriller, Action;États-Unis;
424;David Robert Mitchell;La fin d'Oak Street;The End of Oak Street;Film;FALSE;FALSE;90;2026;2026;Science-fiction, Aventure;Etats-Unis;
425;David Silverman;Les Simpson: Le film;The Simpsons Movie;Film;FALSE;FALSE;87;2007;2007;Animation, Comédie;États-Unis;
426;David Twohy;Abîmes;Below;Film;FALSE;FALSE;105;2002;2002;Horreur, Science-fiction, Guerre;États-Unis, Royaume-Uni, Allemagne;
427;David Twohy;The Arrival;The Arrival;Film;FALSE;FALSE;100;1996;1996;Science-fiction, Horreur;Etats-Unis, Mexique;
428;David Wark Griffith;Cœurs du monde;Hearts of the World;Film;TRUE;TRUE;122;1918;1918;Guerre, Drame;Etats-Unis;
429;David Wark Griffith;Intolerance;Intolerance. Loves struggle throughout the Ages;Film;TRUE;TRUE;163;1916;1916;Drame, Historique;Etats-Unis;
430;David Wark Griffith;Le Lys brisé;Broken Blossoms;Film;TRUE;TRUE;90;1919;1919;Drame, Romance;Etats-Unis;
431;David Wark Griffith;Les Deux Orphelines;Orphans of the Storm;Film;TRUE;TRUE;150;1921;1921;Drame, Historique;Etats-Unis;
432;David Wark Griffith;Naissance d'une Nation;The Birth of a Nation;Film;TRUE;TRUE;190;1915;1915;Historique, Drame;Etats-Unis;
433;David Wark Griffith;The Lonely Villa;The Lonely Villa;Film;TRUE;TRUE;14;1909;1909;Drame;Etats-Unis;
434;David Yates;Harry Potter 5 L'ordre du Phoenix;Harry Potter. L'intégrale 5 L'ordre du Phoenix;Film;FALSE;FALSE;138;2007;2007;Fantasy, Aventure, Famille;Royaume-Uni, États-Unis;
435;David Yates;Harry Potter 6 Le Prince de sang-mêlé;Harry Potter. L'intégrale 6 Le Prince de sang-mêlé;Film;FALSE;FALSE;153;2009;2009;Fantasy, Aventure, Famille;Royaume-Uni, États-Unis;
436;David Yates;Harry Potter 7 Reliques de la mort 1ère partie;Harry Potter. L'intégrale 7 Reliques de la mort 1ère partie;Film;FALSE;FALSE;146;2010;2010;Fantasy, Aventure, Famille;Royaume-Uni, États-Unis;
437;David Yates;Harry Potter 8 Reliques de la mort 2è partie;Harry Potter. L'intégrale 8 Reliques de la mort 2è partie;Film;FALSE;FALSE;130;2011;2011;Fantasy, Aventure, Famille;Royaume-Uni, États-Unis;
438;Davies Russel; T.;Years and Years S1;Years and Years S1;Mini-série;FALSE;FALSE;360;2019;2019;Drame, Anticipation, Science-fiction;Royaume-Uni
439;Davis Guggenheim;Une vérité qui dérange;An Inconvenient Truth;Documentaire TV;FALSE;FALSE;100;2006;2006;Documentaire;États-Unis;
440;Davis Guggenheim;Waiting for Superman;Waiting for Superman;Documentaire;FALSE;FALSE;102;2011;2011;Documentaire;États-Unis;
441;Davy Chou;Retour à Séoul;Retour à Séoul;Film;FALSE;FALSE;119;2023;2023;Drame;France, Allemagne, Belgique, Qatar, Cambodge;
442;Dean Devlin;Geostorm;Geostorm;Film;FALSE;FALSE;109;2017;2017;Action, Science-fiction, Catastrophe;États-Unis;
443;Delmer Daves;Les Passagers de la nuit;Dark Passage;Film;FALSE;TRUE;106;1947;1947;Film noir, Policier;États-Unis;
444;Delphine Coulin & Muriel Coulin;Jouer avec le feu;Jouer avec le feu;Film;FALSE;FALSE;100;2025;2025;Drame;France;
445;Denis De la Patellière;Un Taxi pour Tobrouk (Michel Audiard dialogues cultes 5);Un Taxi pour Tobrouk (Michel Audiard dialogues cultes 5);Film;FALSE;FALSE;93;1961;1961;Drame, Guerre;France;
446;Denis Villeneuve;Blade Runner 2049;Blade Runner 2049;Film;FALSE;FALSE;164;2017;2017;Science-fiction, Policier;Royaume-Uni, Etats-Unis, Canada, Hongrie, Espagne, Mexique;
447;Denis Villeneuve;Dune;Dune;Film;FALSE;FALSE;155;2021;2021;Science-fiction, Aventure;États-Unis;
448;Denis Villeneuve;Dune - Deuxième partie;Dune - Deuxième partie;Film;FALSE;FALSE;166;2024;2024;Science-fiction, Aventure;États-Unis;
449;Denis Villeneuve;Incendies;Incendies;Film;FALSE;FALSE;131;2011;2011;Drame;Canada;
450;Denis Villeneuve;Premier Contact;Arrival;Film;FALSE;FALSE;116;2016;2016;Science-fiction, Drame;États-Unis;
451;Dennis Gansel;The Tank;Der Tiger;Film;FALSE;FALSE;103;2025;2025;Guerre;Allemagne;
452;Dennis Hopper;Easy Rider;Easy Rider;Film;FALSE;FALSE;95;1969;1969;Drame, Aventure;États-Unis;
453;Dermot O'Connor;Sans lendemain;Sans lendemain;Film;FALSE;FALSE;35;2012;2012;Documentaire, Essai;États-Unis;
454;Dick Powell;Torpilles sous l'Atlantique;The Enemy Below;Film;FALSE;FALSE;98;1957;1957;Guerre, Drame;Etats-Unis;
455;Dimitri Buchowestski;Danton;Danton;Film;TRUE;TRUE;90;1921;1921;France;Allemagne;
456;Dome Karukoski;Tolkien;Tolkien;Film;FALSE;FALSE;112;2019;2019;Drame, Biopic;Royaume-Uni;
457;Dominic Sena;Opération Espadon;Swordfish;Film;FALSE;FALSE;99;2001;2001;Action, Thriller;États-Unis;
458;Dominik Moll;Dossier 137;Dossier 137;Film;FALSE;FALSE;116;2025;2025;Policier, Drame;France;
459;Dominik Moll;La Nuit du 12;La Nuit du 12;Film;FALSE;FALSE;91;2022;2022;Policier, Drame;France, Belgique;
460;Don Bluth;Don Bluth: Brisby et le secret de Nimh;Don Bluth: Brisby et le secret de Nimh;Long-métrage d'animation;FALSE;FALSE;82;1982;1982;Animation, Fantastique;États-Unis;
461;Don Bluth;Don Bluth: Charlie mon héros;Don Bluth: Charlie mon héros;Long-métrage d'animation;FALSE;FALSE;98;1989;1989;Animation, Comédie musicale;États-Unis;
462;Don Bluth;Don Bluth: Fievel et le Nouveau Monde;Don Bluth: Fievel et le Nouveau Monde;Long-métrage d'animation;FALSE;FALSE;84;1986;1986;Animation, Aventure;États-Unis;
463;Don Bluth;Don Bluth: Rock o Rico;Don Bluth: Rock o Rico;Long-métrage d'animation;FALSE;FALSE;75;1990;1990;Animation, Comédie musicale;États-Unis;
464;Don Bluth & Gary Goldman;Titan A.E.;Titan A.E.;Film;FALSE;FALSE;94;2000;2000;Science-fiction, Animation, Aventure;États-Unis;
465;Don Taylor;Les évadés de la planète des singes;Escape from the Planet of the Apes;Film;FALSE;FALSE;98;1971;1971;Science-fiction, Action;Etats-Unis;
466;Don Taylor;Planet of the Apes 2 - Escape from the Planet of the Apes;Planet of the Apes 2 - Escape from the Planet of the Apes;Film;FALSE;FALSE;98;1971;1971;Science-fiction;États-Unis;
467;Donald Crisp & Buster Keaton;La croisière du navigator;The Navigator;Film;TRUE;TRUE;59;1924;1924;Comédie;États-Unis;
468;Donovan Marsh;Hunter Killer;Hunter Killer;Film;FALSE;FALSE;121;2018;2018;Action, Thriller, Guerre;États-Unis, Royaume-Uni;
469;Doug Lefler;La dernière légion;The Last Legion;Film;FALSE;FALSE;101;2007;2007;Aventure, Historique, Action;Royaume-Uni, Italie, France;
470;Doug Liman;La Mémoire dans la peau;The Bourne Identity;Film;FALSE;FALSE;119;2002;2002;Action, Thriller, Espionnage;États-Unis, Allemagne, Tchéquie;
471;Doug Liman;The Wall;The Wall;Film;FALSE;FALSE;91;2017;2017;Guerre, Drame;États-Unis;
472;Doug Liman;Vivre, mourir, recommencer / Edge of Tomorrow;Vivre, mourir, recommencer / Edge of Tomorrow;Film;FALSE;FALSE;113;2014;2014;Science-fiction, Action;États-Unis;
473;Douglas Cheek;C.H.U.D.;C.H.U.D.;Film;FALSE;FALSE;88;1984;1984;Horreur, Science-fiction;États-Unis;
474;Douglas Sirk;Ecrit sur du vent;Written on the Wind;Film;FALSE;FALSE;99;1956;1956;Drame, Mélodrame;États-Unis;
475;Dr. Denis Mukwege;Un chemin d'humanité - entretien avec Martine Cornil (film);Un chemin d'humanité - entretien avec Martine Cornil (film);Documentaire;FALSE;FALSE;60;2016;2016;Documentaire;Belgique;
476;Duncan Jones;Warcraft: le commencement;Warcraft: le commencement;Film;FALSE;FALSE;123;2016;2016;Fantasy, Aventure;États-Unis, Chine, Canada;
477;Dziga Vertov;Enthousiasme;Enthusiasm: Symphony of Donbass;Documentaire;FALSE;TRUE;65;1930;1930;URSS;Union Soviétique;
478;Dziga Vertov;Kino Eye;Kino Eye;Court-métrage documentaire;FALSE;TRUE;13;1924;1924;URSS;Union Soviétique;
479;Dziga Vertov;Kino Pravda n°21 : Leninskaïa - Kinopoema a Lenin;Kino Pravda n°21 : Leninskaïa - Kinopoema a Lenin;Court-métrage documentaire;FALSE;TRUE;16;1925;1925;URSS;Union Soviétique;
480;Dziga Vertov;La Onzième Année;Odinadtsaty;Documentaire;FALSE;TRUE;54;1928;1928;URSS;Union Soviétique;
481;Dziga Vertov;L'Homme à la caméra;Chelovek s kino-apparatom;Documentaire;TRUE;TRUE;68;1929;1929;URSS;Union Soviétique;
482;Dziga Vertov;Trois chants sur Lénine;Tri pesni o Lenine;Documentaire;FALSE;FALSE;15;1934;1934;URSS;Union Soviétique;
483;Ed Harris;Appaloosa;Appaloosa;Film;FALSE;FALSE;114;2008;2008;Western;États-Unis;
484;Ed Wood;Plan 9 from Outer Space;Plan 9 from Outer Space;Film;FALSE;TRUE;79;1959;1959;Science-fiction, Fantastique, Epouvante-Horreur;Etats-Unis;
485;Edgar Wright;Le dernier pub avant la fin du monde;The World's End;Film;FALSE;FALSE;109;2013;2013;Comédie;Royaume-Uni, Etats-Unis, Japon;
486;Edith Jorisch;L'héritier;L'héritier;Documentaire TV;FALSE;FALSE;46;2016;2016;Documentaire, Société;Canada (Québec);
487;Edmond T. Gréville;Le port du désir;Le port du désir;Film;FALSE;TRUE;100;1955;1955;Drame, Romance;France;
488;Edouard Hollande;Louis Dufay, la Couleur et l'Héliotrope;Louis Dufay, la Couleur et l'Héliotrope;Documentaire TV;FALSE;FALSE;52;2014;2014;France;France;
489;Edouard Molinaro;L'emmerdeur;L'emmerdeur;Film;FALSE;FALSE;90;1973;1973;Comédie;France;
490;Edouard Molinaro;Louis de Funès. Hibernatus;Louis de Funès. Hibernatus;Film;FALSE;FALSE;83;1969;1969;Comédie;France;
491;Edward Berger;Conclave;Conclave;Film;FALSE;FALSE;120;2024;2024;Drame, Thriller;Royaume-Uni, États-Unis;
492;Edward Zwick;Blood Diamond;Blood Diamond;Film;FALSE;FALSE;143;2006;2006;Action, Drame, Guerre;États-Unis;
493;Edward Zwick;Glory;Glory;Film;FALSE;FALSE;122;1989;1989;Guerre, Historique, Drame;États-Unis;
494;Edward Zwick;Le Dernier Samouraï;The Last Samurai;Film;FALSE;FALSE;154;2003;2003;Historique, Action, Drame;États-Unis;
495;Edward Zwick;Légendes d'automne;Légendes d'automne;Film;FALSE;FALSE;133;1994;1994;Drame, Aventure;États-Unis;
496;Eli Roth;Borderlands;Borderlands;Film;FALSE;FALSE;101;2024;2024;Science-fiction, Action;États-Unis;
497;Elia Kazan;Sur les quais...;On the Waterfront;Film;FALSE;TRUE;108;1954;1954;Policier, Drame;États-Unis;
498;Elia Kazan;Viva Zapata !;Viva Zapata!;Film;FALSE;TRUE;113;1952;1952;Historique, Drame;États-Unis;
499;Elie Chouraqui;Harrison's Flowers;Harrison's Flowers;Film;FALSE;FALSE;105;2005;2005;Drame, Guerre;France, Royaume-Uni, États-Unis;
500;Elliot Silverstein;Un homme nommé Cheval;A Man Called Horse;Film;FALSE;FALSE;114;1970;1970;Western;États-Unis;
501;Elodie Tamayo;L'Histoire vue par Abel Gance;Napoléon vu par Abel Gance DVD 3;Moyen-métrage;FALSE;FALSE;33;2025;2025;Documentaire;France;
502;Elodie Tamayo;Napoléon à contre-jour;Napoléon vu par Abel Gance DVD 3;Documentaire;FALSE;FALSE;17;2025;2025;Documentaire, Cinéma;France;
503;Emanuele Crialese;Golden Door;Nuovomondo;Film;FALSE;FALSE;120;2006;2006;Drame, Historique;Italie, France;
504;Emile Brami;Céline vivant 1 Les grands entretiens de Louis-Ferdinand Céline / Céline au travail;Céline vivant 1 Les grands entretiens de Louis-Ferdinand Céline / Céline au travail;Documentaire TV;FALSE;FALSE;67;2007;2007;Documentaire, Littérature;France;
505;Emile Brami;Céline vivant 2 Autour de Louis-Ferdinand Céline;Céline vivant 2 Autour de Louis-Ferdinand Céline;Documentaire TV;FALSE;FALSE;116;2007;2007;Documentaire, Littérature;France;
506;Emilie Sornasse;Ma semaine avec George Clooney;Ma semaine avec George Clooney;Court-métrage;FALSE;FALSE;15;2023;2023;Comédie romantique;Belgique;
507;Emlen Etting;Oramunde;Oramunde;Court-métrage;TRUE;TRUE;10;1933;1933;Expérimental;Etats-Unis;
508;Emmanuel Carrère;Ouistreham;Ouistreham;Film;FALSE;FALSE;107;2021;2021;Drame;France;
509;Emmanuel Courcol;En fanfare;En fanfare;Film;FALSE;FALSE;103;2024;2024;Comédie dramatique;France;
510;Emmanuel Marre;D'un château, l'autre;D'un château, l'autre;Court-métrage;FALSE;FALSE;25;2018;2018;Belgique, France;Belgique;
511;Emmanuel Marre & Julie Lecoustre;Rien à foutre;Rien à foutre;Film;FALSE;FALSE;115;2021;2021;Comédie dramatique;France, Belgique;
512;Enki Bilal;Immortel;Immortel;Film;FALSE;FALSE;102;2010;2010;Animation, Science-fiction;France, Italie;
513;Enrico Guazzoni & Mario Caserini;Madame Tallien;Madame Tallien;Film;TRUE;TRUE;65;1916;1916;Italie;Italie;
514;Eran Kolirin;La visite de la fanfare;Bikur Ha-Tizmoret;Film;FALSE;FALSE;90;2007;2007;Israël, France;Israël;
515;Eric Darnell & Tim Johnson;FourmiZ (AntZ);FourmiZ (AntZ);Long-métrage d'animation;FALSE;FALSE;83;1998;1998;Animation, Comédie, Famille;États-Unis;
516;Eric Khoo;La Saveur des ramen;La Saveur des ramen;Film;FALSE;FALSE;91;2016;2016;Drame;Singapour, Japon;
517;Eric Rohmer;Conte d'hiver;Conte d'hiver;Film;FALSE;FALSE;114;1992;1992;Comédie dramatique, Romance;France;
518;Eric Rohmer;L'Anglaise et le Duc;L'Anglaise et le Duc;Film;FALSE;FALSE;129;2001;2001;Drame, Romance;France;
519;Eric Rohmer;Le genou de Claire;Le genou de Claire;Film;FALSE;FALSE;105;1970;1970;Comédie dramatique, Romance;France;
520;Eric Rohmer;Le rayon vert;Le rayon vert;Film;FALSE;FALSE;98;1986;1986;Comédie dramatique, Romance;France;
521;Eric Rohmer;Les nuits de la pleine lune;Les nuits de la pleine lune;Film;FALSE;FALSE;102;1984;1984;Drame, Romance;France;
522;Eric Rohmer;Louis Lumière;Louis Lumière;Documentaire TV;FALSE;TRUE;65;1968;1968;France;France;
523;Eric Rohmer;Ma nuit chez Maud;Ma nuit chez Maud;Film;FALSE;FALSE;110;1969;1969;Comédie dramatique, Romance;France, Italie;
524;Ernst Lubitsch;Madame DuBarry;Madame DuBarry;Film;TRUE;TRUE;85;1919;1919;Allemagne;Allemagne;
525;Eryk Rocha & Gabriela Carneiro Da Cunha;La chute du ciel;A queda do ceù;Documentaire;FALSE;FALSE;100;2024;2024;Brésil, Portugal, France;Brésil;
526;Ethan Coen & Joel Coen;Barton Fink;Barton Fink;Film;FALSE;FALSE;116;1991;1991;Drame, Comédie noire;États-Unis, Royaume-Uni;
527;Ethan Coen & Joel Coen;Fargo;Fargo;Film;FALSE;FALSE;98;1996;1996;Policier, Comédie noire, Thriller;États-Unis;
528;Ethan Coen & Joel Coen;Intolérable cruauté;Intolerable Cruelty;Film;FALSE;FALSE;100;2003;2003;Comédie romantique;États-Unis;
529;Ethan Coen & Joel Coen;No Country for Old Men;No Country for Old Men;Film;FALSE;FALSE;122;2007;2007;Policier, Thriller;États-Unis;
530;Ethan Coen & Joel Coen;The Barber - L'Homme qui n'était pas là;The Barber - L'Homme qui n'était pas là;Film;FALSE;FALSE;122;2001;2001;Policier, Comédie noire;États-Unis;
531;Ethan Coen & Joel Coen;The Big Lebowski;The Big Lebowski;Film;FALSE;FALSE;117;1998;1998;Comédie, Policier;États-Unis;
532;Ethan Coen & Joel Coen;True Grit;True Grit;Film;FALSE;FALSE;110;2010;2010;Western, Drame;États-Unis;
533;Ettore Scola;La Nuit de Varennes;La Nuit de Varennes;Film;FALSE;FALSE;115;1982;1982;France, Italie;Italie, France;
534;Euzhan Palcy;Une saison blanche et sèche;A Dry White Season;Film;FALSE;FALSE;107;1989;1989;Drame, Politique;États-Unis;
535;Fatih Akin;Une enfance allemande - Île d'Amrum, 1945;Amrum;Film;FALSE;FALSE;93;2025;2025;Drame, Historique, Biopic;Allemagne;
536;Favreau; Jon;Cowboys & Aliens;Cowboys & Aliens;Film;FALSE;FALSE;119;2011;2011;Science-Fiction, Western;Etats-Unis
537;Fede Alvarez;Alien: Romulus;Alien: Romulus;Film;FALSE;FALSE;119;2024;2024;Science-Fiction, Epouvante, Horreur;Etats-Unis;
538;Federico Fellini;Amarcord;Amarcord;Film;FALSE;FALSE;123;1973;1973;Comédie dramatique;Italie, France;
539;Federico Fellini;Il bidone;Il bidone;Film;FALSE;TRUE;93;1955;1955;Drame, Comédie noire;Italie, France;
540;Federico Fellini;La dolce vita;La dolce vita;Film;FALSE;FALSE;174;1960;1960;Comédie dramatique, Drame;Italie, France;
541;Federico Fellini;La strada;La strada;Film;FALSE;FALSE;108;1954;1954;Drame, Road-movie;Italie;
542;Federico Fellini;Les vitelloni;I vitelloni;Film;FALSE;TRUE;103;1953;1953;Comédie dramatique;Italie, France;
543;Feng Xiaogang;La Légende du Scorpion Noir (The Banquet);La Légende du Scorpion Noir (The Banquet);Film;FALSE;FALSE;131;2006;2006;Historique, Drame, Action;Chine, Hong Kong;
544;Ferdinand Zecca & Lucien Nonguet;La vie et la passion du Christ;The Life and Passion of Christ;Moyen-métrage;TRUE;TRUE;50;1903;1903;Historique;France;
545;Fernand Léger & Dudley Murphy;Ballet mécanique;Ballet mécanique;Court-métrage;TRUE;TRUE;19;1924;1924;Expérimental, Muet;France;
546;Fernando E. Solanas;Mémoire d'un saccage - Argentine, le hold-up du siècle;Memoria del saqueo;Film;FALSE;FALSE;178;2004;2004;Documentaire, Politique;Argentine;
547;Fernando Meirelles;La Cité de Dieu;Cidade de Deus;Film;FALSE;FALSE;130;2002;2002;Drame, Policier;Brésil;
548;Fielder Cook;Le pouvoir de l'argent;Seize the Day;Film;FALSE;FALSE;100;1986;1986;Drame;États-Unis;
549;Filoteo Alberini;La prise de Rome;La Presa di Roma;Court-métrage;TRUE;TRUE;6;1905;1905;Historique;Italie;
550;Florian Henckel von Donnersmarck;La Vie des autres;Das Leben der Anderen;Film;FALSE;FALSE;137;2006;2006;Drame, Espionnage;Allemagne;
551;Florian Zeller;The Father;The Father;Film;FALSE;FALSE;97;2020;2020;Drame;Royaume-Uni, France;
552;Frances O'Connor;Emily;Emily;Film;FALSE;FALSE;145;2022;2022;Biopic, Drame, Romance;Royaume-Uni, Etats-Unis;
553;Francis Ford Coppola;Apocalypse Now;Apocalypse Now;Film;FALSE;FALSE;147;1979;1979;Guerre, Drame;Etats-Unis;
554;Francis Ford Coppola;Apocalypse Now Final Cut;Apocalypse Now Final Cut;Film;FALSE;FALSE;183;2019;2019;Guerre, Drame;Etats-Unis;
555;Francis Ford Coppola;Apocalypse Now Redux;Apocalypse Now Redux;Film;FALSE;FALSE;202;2001;2001;Guerre, Drame;Etats-Unis;
556;Francis Ford Coppola;Dracula;Bram Stoker's Dracula;Film;FALSE;FALSE;128;1992;1992;Fantastique, Horreur, Romance;États-Unis;
557;Francis Ford Coppola;Le Parrain;The Godfather;Film;FALSE;FALSE;175;1972;1972;Policier, Drame;Etats-Unis;
558;Francis Ford Coppola;Le Parrain DVD Collector Bonus;Le Parrain DVD Collector Bonus;Documentaire;FALSE;FALSE;74;2001;2001;Documentaire, Cinéma;Etats-Unis;
559;Francis Ford Coppola;Le Parrain IIè partie;The Godfather: Part II;Film;FALSE;FALSE;202;1975;1975;Policier, Drame;Etats-Unis;
560;Francis Ford Coppola;Le Parrain IIIè partie;The Godfather: Part III;Film;FALSE;FALSE;162;1990;1990;Policier, Drame;Etats-Unis;
561;Francis Ford Coppola;Megalopolis;Megalopolis;Film;FALSE;FALSE;138;2024;2024;Drame, Science-fiction;Etats-Unis;
562;Francis Ford Coppola;Rusty James;Rumble Fish;Film;FALSE;FALSE;94;1983;1983;Drame;États-Unis;
563;Francis Girod;La Banquière;La Banquière;Film;FALSE;FALSE;101;1980;1980;Comédie dramatique;France;
564;Francis Lawrence;Je suis une légende;Je suis une légende;Film;FALSE;FALSE;101;2007;2007;Science-fiction, Horreur, Drame;États-Unis;
565;François Ozon;8 femmes;8 femmes;Film;FALSE;FALSE;111;2002;2002;Comédie musicale, Policier, Drame;France;
566;François Ozon;Dans la maison;Dans la maison;Film;FALSE;FALSE;98;2012;2012;Thriller, Drame;France;
567;François Truffaut;Jules et Jim;Jules et Jim;Film;FALSE;FALSE;105;1962;1962;Drame, Romance;France;
568;François Truffaut;La Mariée était en noir;La Mariée était en noir;Film;FALSE;FALSE;107;1968;1968;Drame, Policier;France, Italie;
569;François Truffaut;Le Dernier Métro;Le dernier métro;Film;FALSE;FALSE;131;1980;1980;Drame;France;
570;François Truffaut;L'enfant sauvage;L'enfant sauvage;Film;FALSE;TRUE;85;1970;1970;Drame;France;
571;François Truffaut;Les 400 coups;Les Quatre Cents Coups;Film;FALSE;FALSE;99;1959;1959;Policier, Drame;France;
572;François Truffaut;Les Quatre Cents Coups;Les quatre cents coups;Film;FALSE;TRUE;99;1959;1959;Drame;France;
573;François Truffaut;L'histoire d'Adèle H.;L'histoire d'Adèle H.;Film;FALSE;FALSE;97;1975;1975;Drame, Biopic;France;
574;Frank Capra;La vie est belle;It's a Wonderful Life;Film;FALSE;TRUE;130;1946;1946;Drame, Fantastique, Romance;Etats-Unis;
575;Frank Capra & Anatole Litvak;Prélude à la guerre;Why we fight: Prelude to War;Documentaire;FALSE;TRUE;53;1943;1943;Documentaire, Guerre;Etats-Unis;
576;Frank Darabont;La Ligne verte;The Green Mile;Film;FALSE;FALSE;189;1999;1999;Drame, Fantastique;États-Unis;
577;Franklin J. Schaffner;Ces garçons qui venaient du Brésil / The Boys from Brazil;Ces garçons qui venaient du Brésil / The Boys from Brazil;Film;FALSE;FALSE;125;1978;1978;Thriller, Science-fiction;États-Unis, Royaume-Uni;
578;Franklin J. Schaffner;La Planète des singes;Planet of the Apes;Film;FALSE;FALSE;112;1968;1968;Science-fiction, Aventure;Etats-Unis;
579;Franklin J. Schaffner;Patton;Patton;Film;FALSE;FALSE;172;1970;1970;Guerre, Biopic;Etats-Unis;
580;Fred Barzyk;Countdown to Looking Glass;Countdown to Looking Glass;Téléfilm;FALSE;FALSE;100;1984;1984;Drame, Anticipation;Canada;
581;Fred M. Wilcox;Planète interdite;Forbidden Planet;Film;FALSE;FALSE;98;1956;1956;Science-fiction;USA;
582;Fred Zinnemann;Le train sifflera trois fois;High Noon;Film;FALSE;FALSE;85;1952;1952;Western;États-Unis;
583;Fred Zinnemann;Tant qu'il y aura des hommes;From Here to Eternity;Film;FALSE;FALSE;118;1953;1953;Drame, Guerre, Romance;États-Unis;
584;Frédéric Baillif;La Mif;La Mif;Film;FALSE;FALSE;100;2002;2002;Drame;Suisse;
585;Frédéric Fonteyne;Une liaison pornographique;Une liaison pornographique;Film;FALSE;FALSE;80;1999;1999;Romance, Drame;Belgique, France, Luxembourg;
586;Frederik Wiseman;Titicut Follies;Titicut Follies;Documentaire;FALSE;TRUE;84;1967;1967;Documentaire;Etats-Unis;
587;Friedrich Wilhelm Murnau;L'Aurore;Sunrise: A Song of Two Humans;Film;TRUE;TRUE;94;1928;1928;Drame, Romance;Etats-Unis;
588;Friedrich Wilhelm Murnau;L'Aurore;L'Aurore version Tchèque;Film;TRUE;TRUE;90;1928;1928;Drame, Romance;Etats-Unis;
589;Friedrich Wilhelm Murnau;Nosferatu le vampire;Nosferatu, eine Symphonie des Grauens;Film;TRUE;TRUE;94;1922;1922;Allemagne;Allemagne;
590;Fritz Lang;Au fil de l'eau;House by the River;Film;FALSE;TRUE;85;1950;1950;Drame, Policier, Thriller, Film noir;Etats-Unis;
591;Fritz Lang;Destiny / Les Trois Lumières;Der müde Tod: ein deutsches Volkslied in sechs Versen;Film;TRUE;TRUE;94;1921;1921;Muet, Drame, Fantastique;Allemagne;
592;Fritz Lang;L'ange des maudits;Rancho Notorious;Film;FALSE;FALSE;89;1952;1952;Western;États-Unis;
593;Fritz Lang;Le secret derrière la porte;Secret Beyond the Door...;Film;FALSE;TRUE;98;1947;1947;Film noir, Thriller;États-Unis;
594;Fritz Lang;Le testament du Dr Mabuse;Le testament du Dr Mabuse;Film;FALSE;FALSE;122;1933;1933;Policier, Thriller;Allemagne;
595;Fritz Lang;Le Tigre du Bengale DVD 1 Le film (1959);Der Tiger von Eschnapur;Film;FALSE;FALSE;96;1959;1959;Aventure, Romance;Allemagne Fédérale, Italie, France;
596;Fritz Lang;Le Tombeau hindou DVD 1 Le film (1959);Das indische Grabmal;Film;FALSE;FALSE;98;1959;1959;Aventure, Romance;Allemagne Fédérale, Italie, France;
597;Fritz Lang;Les Nibelungen : Partie 1 - La Mort de Siegfried;Die Niebelungen. Part I: Siegfried;Film;TRUE;TRUE;142;1924;1924;Fantasy, Drame, Aventure, Muet;Allemagne;
598;Fritz Lang;Les Nibelungen : Partie 2 - La Vengeance de Kriemhild;Die Niebelungen. Part II: Kriemhild's Revenge;Film;TRUE;TRUE;148;1924;1924;Drame, Fantasy, Aventure, Muet;Allemagne;
599;Fritz Lang;M le Maudit;M le Maudit;Film;FALSE;TRUE;117;1932;1932;Policier, Drame;Allemagne;
600;Fritz Lang;Métropolis;Metropolis;Film;TRUE;TRUE;153;1927;1927;Science-fiction, Drame;Allemagne;
601;Gabriele Muccino;À la recherche du bonheur;The Pursuit of Happyness;Film;FALSE;FALSE;117;2006;2006;Drame, Biopic;États-Unis;
602;Gad Elmaleh;L'autre c'est moi;L'autre c'est moi;Film;FALSE;FALSE;90;2006;2006;Comédie, Musique;France;
603;Gad Elmaleh;Papa est en haut DVD 1 Le spectacle;Papa est en haut DVD 1 Le spectacle;Documentaire musical;FALSE;FALSE;90;2007;2007;Documentaire musical, Comédie;France;
604;Gad Elmaleh;Papa est en haut DVD 2 Les bonus;Papa est en haut DVD 2 Les bonus;Documentaire musical;FALSE;FALSE;60;2007;2007;Documentaire musical;France;
605;Gareth Edwards;Jurassic World - Renaissance;Jurassic World - Rebirth;Film;FALSE;FALSE;134;2025;2025;Aventure, Science-fiction;Etats-Unis;
606;Gareth Edwards;Rogue One - A Star Wars Story;Rogue One - A Star Wars Story;Film;FALSE;FALSE;133;2016;2016;Science-fiction, Guerre;États-Unis;
607;Gareth Edwards;Star Wars Story. Rogue One;Star Wars Story. Rogue One;Film;FALSE;FALSE;134;2016;2016;Guerre, Science-fiction;États-Unis;
608;Garrone; Matteo;Reality;Reality;Film;FALSE;FALSE;115;2012;2012;Comédie dramatique;Italie
609;Gary Fleder;Dernières heures à Denver;Things to do in Denver when you're dead;Film;FALSE;FALSE;115;1995;1995;Policier, Comédie noire;États-Unis;
610;Gary Ross;Free State of Jones;Free State of Jones;Film;FALSE;FALSE;139;2016;2016;Drame, Historique, Guerre;États-Unis;
611;Gary Ross;The Hunger Games;The Hunger Games;Film;FALSE;FALSE;142;2012;2012;Aventure, Science-fiction;États-Unis;
612;Gary Sinise;Des souris et des hommes;Of Mice and Men;Film;FALSE;FALSE;110;1992;1992;Drame;États-Unis;
613;Gavin O'Connor;Mr Wolff;Mr Wolff;Film;FALSE;FALSE;108;2016;2016;Thriller, Policier;États-Unis;
614;Gavin O'Connor;Mr Wolff 2 (The Accountant 2);Mr Wolff 2 (The Accountant 2);Film;FALSE;FALSE;132;2025;2025;Thriller, Policier;États-Unis;
615;Geoff Bowie;L'horloge universelle - La résistance de Peter Watkins;The Universal Clock : The Resistance of Peter Watkins;Documentaire TV;FALSE;FALSE;56;2000;2000;Canada;Royaume-Uni, Canada;
616;George Clooney;Bienvenue à Suburbicon;Suburbicon;Film;FALSE;FALSE;105;2017;2017;Comédie, Policier, Drame;Etats-Unis, Royaume-Uni;
617;George Clooney;Good night, and Good Luck;Good night, and Good Luck;Film;FALSE;FALSE;93;2006;2006;Drame, Historique;Etats-Unis;
618;George Cukor;Une étoile est née;A Star Is Born;Film;FALSE;FALSE;114;1954;1954;Comédie musicale, Drame;États-Unis;
619;George Lucas;American Graffiti;American Graffiti;Film;FALSE;FALSE;110;1973;1973;Comédie dramatique;Etats-Unis;
620;George Lucas;Star Wars I : La menace fantôme;Star Wars I : La menace fantôme;Film;FALSE;FALSE;136;1999;1999;Science-fiction, Aventure;États-Unis;
621;George Lucas;Star Wars II : L'attaque des clones;Star Wars II : L'attaque des clones;Film;FALSE;FALSE;142;2002;2002;Science-fiction, Aventure;États-Unis;
622;George Lucas;Star Wars III : La revanche des Siths;Star Wars: Episode III - Revenge of the Sith;Film;FALSE;FALSE;140;2005;2005;Science-fiction, Aventure;États-Unis;
623;George Lucas;Star Wars IV. A New Hope;Star Wars IV. A New Hope;Film;FALSE;FALSE;121;1977;1977;Science-fiction, Aventure;États-Unis;
624;George Lucas;THX 1138;THX 1138;Film;FALSE;FALSE;88;1971;1971;Science-fiction;États-Unis;
625;George Melford;Ourang;East of Borneo;Film;FALSE;TRUE;77;1931;1931;Aventure;Etats-Unis;
626;George Miller;Happy Feet;Happy Feet;Film;FALSE;FALSE;108;2006;2006;Animation, Comédie musicale, Famille;États-Unis, Australie;
627;George Miller;Mad Max;Mad Max;Film;FALSE;FALSE;93;1979;1979;Action, Thriller, Science-fiction;Australie;
628;George Miller;Mad Max - Au-delà du dôme du tonnerre;Mad Max Beyond Thunderdome;Film;FALSE;FALSE;107;1985;1985;Action, Thriller, Science-fiction;Australie;
629;George Miller;Mad Max - Fury Road;Mad Max - Fury Road;Film;FALSE;FALSE;134;2015;2015;Action, Aventure, Science-fiction, Road movie;Australie;
630;George Miller;Mad Max 2 Le Défi;Mad Max 2: The Road Warrior;Film;FALSE;FALSE;95;1981;1981;Action, Thriller, Science-fiction;Australie;
631;George Pal;La Machine à explorer le temps;The Time Machine;Film;FALSE;FALSE;103;1960;1960;Science-fiction, Aventure;États-Unis;
632;George Pal;The Time Machine (1960);The Time Machine (1960);Film;FALSE;FALSE;103;1960;1960;Science-fiction;États-Unis;
633;George Roy Hill;Abattoir 5;Slaughterhouse-Five;Film;FALSE;FALSE;104;1972;1972;Science-fiction, Drame, Guerre;États-Unis;
634;George Stevens;La Gloire du cirque;La Gloire du cirque;Film;FALSE;TRUE;92;1935;1935;Drame, Romance;États-Unis;
635;George Stevens;Une place au soleil;A Place in the Sun;Film;FALSE;FALSE;122;1951;1951;Drame, Romance;États-Unis;
636;Georges Franju;Thérèse Desqueyroux;Thérèse Desqueyroux;Film;FALSE;TRUE;109;1962;1962;Drame;France;
637;Georges Hatot & Louis Lumière;La Passion du Christ;La Passion du Christ;Court-métrage;TRUE;TRUE;11;1903;1903;Drame;France;
638;Georges Lacombe;La nuit est mon Royaume;La nuit est mon Royaume;Film;FALSE;FALSE;98;1951;1951;Drame;France;
639;Georges Lautner;Le Pacha (Michel Audiard dialogues cultes 4);Le Pacha (Michel Audiard dialogues cultes 4);Film;FALSE;FALSE;104;1968;1968;Comédie, Policier;France, Italie;
640;Georges Lautner;Les Barbouzes;Les Barbouzes;Film;FALSE;FALSE;104;1964;1964;Comédie, Policier;France, Italie;
641;Georges Lautner;Les Tontons flingueurs;Les Tontons flingueurs;Film;FALSE;TRUE;92;1963;1963;Comédie, Policier;France;
642;Georges Lautner;Ne nous fâchons pas;Ne nous fâchons pas;Film;FALSE;FALSE;96;1966;1966;Comédie;France;
643;Georges Méliès;Gugusse et l'automate;Gugusse et l'automate;Court-métrage;TRUE;TRUE;1;1897;1897;Comédie;France;
644;Georges Méliès;Le Voyage dans la Lune;Le Voyage dans la Lune;Court-métrage;TRUE;TRUE;13;1902;1902;Aventure, Fantastique, Science-fiction, Muet;France;
645;Georges Méliès;Les aventures du baron de Münchhausen;Les aventures du baron de Münchhausen;Court-métrage;TRUE;TRUE;10;1911;1911;Fantastique;France;
646;Georges Mourier;La Saga du Napoléon d'Abel Gance;Napoléon vu par Abel Gance DVD 2;Moyen-métrage;FALSE;FALSE;55;2025;2025;Documentaire;France;
647;Georges Schwitzgebel;Fugue;Fugue;Court-métrage d'animation;FALSE;FALSE;7;1998;1998;Animation;Suisse;
648;Gérard Corbiau;Farinelli;Farinelli;Film;FALSE;FALSE;111;1994;1994;Drame, Biopic, Musical;France, Italie, Belgique;
649;Gérard Corbiau;Le roi danse;Le roi danse;Film;FALSE;FALSE;118;2000;2000;Drame, Historique, Musical;France, Allemagne, Royaume-Uni;
650;Gérard Krawczyk;Wasabi;Wasabi;Film;FALSE;FALSE;95;2001;2001;Comédie, Action;France, Japon;
651;Gérard Oury;La Grande Vadrouille;La Grande Vadrouille;Film;FALSE;FALSE;132;1966;1966;Comédie, Guerre;France, Royaume-Uni;
652;Gérard Oury;Louis de Funès. La folie des grandeurs;Louis de Funès. La folie des grandeurs;Film;FALSE;FALSE;95;1969;1969;Comédie, Satire;France, Italie;
653;Gérard Oury;Louis de Funès. Le Corniaud;Louis de Funès. Le Corniaud;Film;FALSE;FALSE;90;1965;1965;Comédie;France, Italie;
654;Gérard Oury;Louis de Funès. Les Aventures de Rabbi Jacob;Louis de Funès. Les Aventures de Rabbi Jacob;Film;FALSE;FALSE;95;1973;1973;Comédie;France;
655;Gianni Di Gregorio;Le déjeuner du 15 août;Pranzo di ferragosto;Film;FALSE;FALSE;75;2008;2008;Comédie dramatique;Italie;
656;Gilles Grangier;La cuisine au beurre;La cuisine au beurre;Film;FALSE;TRUE;95;1963;1963;Comédie;Italie, France;
657;Gillo Pontecorvo;Kapo;Kapo;Film;FALSE;TRUE;118;1960;1960;Guerre, Drame;Italie, France;
658;Gillo Pontecorvo;La Bataille d'Alger;La battaglia di Algeri;Film;FALSE;TRUE;121;1966;1966;Guerre, Historique, Drame;Italie, Algérie;
659;Gints Zilbalodis;Flow - le chat qui n'avait plus peur de l'eau;Straume;Long-métrage d'animation;FALSE;FALSE;84;2024;2024;Lettonie, France;Lettonie, France, Belgique;
660;Giovanni Pastrone;Cabiria;Cabiria;Film;TRUE;TRUE;148;1914;1914;Péplum, Historique;Italie;
661;Giulio Ricciarelli;Le Labyrinthe du silence;Im Labyrinth des Schweigens;Film;FALSE;FALSE;123;2014;2014;Drame, Historique;Allemagne;
662;Godfrey Reggio;Koyaanisqatsi;Koyaanisqatsi;Documentaire;FALSE;FALSE;87;1982;1982;Documentaire, Expérimental;Etats-Unis;
663;Godfrey Reggio;Powaqqatsi;Powaqqatsi;Film;FALSE;FALSE;97;1988;1988;Documentaire, Essai;États-Unis;
664;Gore Verbinski;Pirates des Caraïbes. La malédiction du Black Pearl (2 DVD);Pirates des Caraïbes. La malédiction du Black Pearl (2 DVD);Film;FALSE;FALSE;143;2004;2004;Aventure, Fantasy;États-Unis;
665;Greg Berlanti;To the Moon;To the Moon;Film;FALSE;FALSE;90;2024;2024;Comédie, Romance;États-Unis;
666;Greg Kohs;AlphaGo;AlphaGo;Documentaire TV;FALSE;FALSE;90;2017;2017;Documentaire;Etats-Unis;
667;Grigori Kozintsev;Hamlet;Gamlet;Film;FALSE;TRUE;140;1964;1964;Drame;Union Soviétique;
668;Grigori Tchoukhraï;Le Quarante et Unième;Sorok pervyy;Film;FALSE;FALSE;92;1956;1956;URSS;Union Soviétique;
669;Guân Hû;Black Dog;Black Dog;Film;FALSE;FALSE;110;2024;2024;Drame;Chine;
670;Guillaume Canet;Ne le dis à personne;Ne le dis à personne;Film;FALSE;FALSE;131;2006;2006;Thriller;France;
671;Guillaume Senez;Keeper;Keeper;Film;FALSE;FALSE;95;2015;2015;Drame;Belgique, France, Suisse;
672;Gurinder Chadha;Coup de foudre à Bollywood;Bride & Prejudice;Film;FALSE;FALSE;122;2004;2004;Comédie musicale, Romance;Royaume-Uni, États-Unis;
673;Gurinder Chadha;Joue-la comme Beckham;Bend It Like Beckham;Film;FALSE;FALSE;112;2002;2002;Comédie dramatique, Sport;Royaume-Uni, Allemagne;
674;Gus Van Sant;Restless;Restless;Film;FALSE;FALSE;95;2011;2011;Drame;États-Unis;
675;Gustaf Molander;La Parole;Ordet;Film;TRUE;TRUE;100;1943;1943;Suède;Danemark;
676;Guy Hamilton;Goldfinger;Goldfinger;Film;FALSE;FALSE;110;1964;1964;Action, Espionnage;Royaume-Uni;
677;Guy Hamilton;James Bond 007 -03 Goldfinger;Goldfinger;Film;FALSE;FALSE;110;1964;1964;Action, Espionnage;Royaume-Uni;
678;Guy Hamilton;James Bond 007 -07 Les diamants sont éternels;Diamonds are forever;Film;FALSE;FALSE;120;1971;1971;Action, Espionnage;Royaume-Uni, États-Unis;
679;Guy Hamilton;James Bond 007 -08 Vivre et laisser mourir;Live and Let Die;Film;FALSE;FALSE;121;1973;1973;Action, Espionnage;Royaume-Uni, États-Unis;
680;Guy Hamilton;James Bond 007 -09 L'homme au pistolet d'or;The Man with the Golden Gun;Film;FALSE;FALSE;125;1974;1974;Action, Espionnage;Royaume-Uni, États-Unis;
681;Guy Hamilton;La Bataille d'Angleterre;Battle of Britain;Film;FALSE;FALSE;132;1969;1969;Guerre, Historique, Drame;Royaume-Uni;
682;György Palfi;Cocotte;Hen;Film;FALSE;FALSE;96;2025;2025;Aventure, Drame;Allemagne, Grèce, Hongrie;
683;Hal Ashby;Bienvenue Mister Chance;Being There;Film;FALSE;FALSE;130;1979;1979;Comédie dramatique, Satire;États-Unis;
684;Hal Ashby;En route pour la gloire;Bound for Glory;Film;FALSE;FALSE;147;1976;1976;Biopic, Drame, Musical;États-Unis;
685;Hallström; Lasse;What's eating Gilbert Grape?;What's eating Gilbert Grape?;Film;FALSE;FALSE;118;1993;1993;Comédie dramatique;États-Unis
686;Hans Behrendt;Danton;Danton;Film;TRUE;TRUE;93;1931;1931;Allemagne;Allemagne;
687;Hans Richter;Dadascope;Dadascope;Moyen-métrage;FALSE;FALSE;39;1962;1962;Expérimental, Musique;Allemagne;
688;Hans Richter;Fantômes du matin;Vormittagsspuk;Court-métrage d'animation;TRUE;TRUE;9;1928;1928;Expérimental, Essai, Art;Allemagne;
689;Hans Richter;Film Study;Filmstudie;Court-métrage d'animation;TRUE;TRUE;4;1925;1925;Animation, Expérimental, Muet;Allemagne;
690;Hans Richter;Inflation;Inflation;Court-métrage documentaire;TRUE;TRUE;3;1928;1928;Expérimental;Allemagne;
691;Hans Richter;Rêves à vendre;Dreams that Money Can Buy;Film;FALSE;FALSE;99;1947;1947;Fantastique, Expérimental, Sketches;Etats-Unis;
692;Hans Richter;Rythmes 21;Rythmus 21;Court-métrage d'animation;TRUE;TRUE;3;1921;1921;Animation, Expérimental, Muet;Allemagne;
693;Hans Richter;Rythmes 23;Rythmus 23;Court-métrage d'animation;TRUE;TRUE;3;1923;1923;Animation, Expérimental, Muet;Allemagne;
694;Hans Richter & Jean Cocteau;8 X 8: A Chess Sonata in 8 Movements;8 X 8: A Chess Sonata in 8 Movements;Film;TRUE;FALSE;80;1957;1957;Expérimental, Musique;Etats-Unis;
695;Hark Tsui;Seven Swords;Qi jian;Film;FALSE;FALSE;153;2005;2005;Action, Fantasy;Chine, Hong Kong;
696;Harold Becker;Mélodie pour un meurtre;Sea of Love;Film;FALSE;FALSE;113;1989;1989;Thriller, Policier;Etats-Unis;
697;Haroun Farocki;En Sursis;Respite;Court-métrage documentaire;TRUE;TRUE;40;2007;2007;Allemagne, Autriche;Allemagne;
698;Harry Kümel;Les Lèvres rouges;Les Lèvres rouges;Film;FALSE;FALSE;95;1971;1971;Belgique;Belgique, France;
699;Harry O. Hoyt;Le monde perdu;The Lost World;Film;TRUE;TRUE;110;1925;1925;Aventure, Fantastique;Etats-Unis;
700;Hasraf Dulull;2036 Origin Unknown;2036 Origin Unknow;Film;FALSE;FALSE;90;2018;2018;Science-fiction;Royaume-Uni;
701;Hayao Miyazaki;Le Château ambulant;Le Château ambulant;Film;FALSE;FALSE;119;2004;2004;Animation, Fantasy, Romance;Japon;
702;Hayao Miyazaki;Le Château dans le Ciel;Le Château dans le Ciel;Film;FALSE;FALSE;125;1986;1986;Animation, Fantasy, Aventure;Japon;
703;Hayao Miyazaki;Le Voyage de Chihiro;Sen to Chihiro no kamikakushi;Film;FALSE;FALSE;125;2001;2001;Animation, Fantasy;Japon;
704;Hayao Miyazaki;Princesse Mononoké;Mononoke-hime;Film;FALSE;FALSE;134;1997;1997;Animation, Fantasy;Japon;
705;Helmut Käutner;Le Général du Diable;Des Teufels General;Film;FALSE;TRUE;110;1955;1955;Guerre, Drame;Allemagne de l'Ouest;
706;Henri Diamant-Berger;Les Trois Mousquetaires. L'intégrale en 14 épisodes. DVD 1 - Les ferrets de la Reine;Les Trois Mousquetaires. L'intégrale en 14 épisodes. DVD 1 - Les ferrets de la Reine;Film;FALSE;FALSE;90;;1921 / 2014;Aventure, Historique;France;
707;Henri Diamant-Berger;Les Trois Mousquetaires. L'intégrale en 14 épisodes. DVD 2 - Milady;Les Trois Mousquetaires. L'intégrale en 14 épisodes. DVD 2 - Milady;Film;FALSE;FALSE;90;;1921 / 2014;Aventure, Historique;France;
708;Henri Diamant-Berger;Les Trois Mousquetaires. L'intégrale en 14 épisodes. DVD 3 - Bonus;Les Trois Mousquetaires. L'intégrale en 14 épisodes. DVD 3 - Bonus;Film;FALSE;FALSE;60;;1921 / 2014;Documentaire, Cinéma;France;
709;Henri Storck;Sur les bords de la caméra;Sur les bords de la caméra;Court-métrage documentaire;TRUE;TRUE;12;1932;1932;Belgique;Belgique;
710;Henri Verneuil;Cent mille dollars au soleil;Cent mille dollars au soleil;Film;FALSE;TRUE;85;1964;1964;France, Italie;France, Italie;
711;Henri Verneuil;I... comme Icare;I... comme Icare;Film;FALSE;FALSE;120;1979;1979;Policier, Drame;France;
712;Henri Verneuil;Le Président;Le Président;Film;FALSE;TRUE;110;1961;1961;France;France, Italie;
713;Henri Verneuil;L'Ennemi Public n°1;L'Ennemi Public n°1;Film;FALSE;TRUE;96;1953;1953;Policier, Drame;France;
714;Henri Verneuil;Week-end à Zuydcoote;Week-end à Zuydcoote;Film;FALSE;TRUE;105;1964;1964;Drame, Guerre;France;
715;Henri-François Imbert;Sur la plage de Belfast;Sur la plage de Belfast;Court-métrage documentaire;FALSE;FALSE;76;1996;1996;France;France;
716;Henri-Georges Clouzot;L'Assassin habite au 21;L'assassin habite... au 21;Film;FALSE;TRUE;84;1942;1942;Policier;France;
717;Henri-Georges Clouzot;Le corbeau;Le corbeau;Film;FALSE;TRUE;92;1943;1943;Drame, Policier;France;
718;Henri-Georges Clouzot;Le Salaire de la peur;Le Salaire de la peur;Film;FALSE;TRUE;131;1953;1953;Drame, Thriller, Aventure;France, Italie;
719;Henri-Georges Clouzot;Les diaboliques;Les diaboliques;Film;FALSE;TRUE;114;1955;1955;Thriller, Policier;France;
720;Henri-Georges Clouzot;Quai des Orfèvres;Quai des Orfèvres;Film;FALSE;TRUE;106;1947;1947;Policier, Drame;France;
721;Henry Hathaway;Le plus grand cirque du monde;Le plus grand cirque du monde;Film;FALSE;FALSE;154;1964;1964;Drame, Romance;États-Unis, France, Italie;
722;Henry Hathaway;Le renard du désert;The Desert Fox: the Story of Rommel;Film;FALSE;FALSE;88;1951;1951;Guerre, Biopic;Etats-Unis;
723;Henry Hathaway;Niagara;Niagara;Film;FALSE;FALSE;89;1953;1953;Thriller;États-Unis;
724;Henry Koster;Le seigneur de l'aventure;The Virgin Queen;Film;FALSE;FALSE;92;1955;1955;Historique, Drame;États-Unis;
725;Herbert J. Biberman;Le sel de la Terre;The Salt of the Earth;Film;FALSE;TRUE;94;1954;1954;Drame, Politique;Etats-Unis;
726;Herbert Ross;Footloose;Footloose;Film;FALSE;FALSE;107;1984;1984;Comédie musicale, Drame;États-Unis;
727;Hirokazu Kore-eda;Nobody Knows;Nobody Knows;Film;FALSE;FALSE;141;2003;2003;Drame;Japon;
728;Hirokazu Kore-eda;Still Walking;Aruitemo aruitemo;Film;FALSE;FALSE;115;2008;2008;Dram;Japon;
729;Hironobu Sakaguchi;Final Fantasy : Les Créatures de l'esprit;Final Fantasy: The Spirits Within;Long-métrage d'animation;FALSE;FALSE;106;2001;2001;Animation, Science-fiction;États-Unis, Japon;
730;Howard Hawks;La captive aux yeux clairs;The Big Sky;Film;FALSE;FALSE;122;1952;1952;Western, Aventure;États-Unis;
731;Howard Hawks;Le banni;The Outlaw;Film;FALSE;TRUE;126;1943;1943;Western;États-Unis;
732;Howard Hawks;L'impossible Monsieur Bébé;Bringing Up Baby;Film;FALSE;TRUE;102;1938;1938;Comédie;États-Unis;
733;Howard Hawks;Rio Bravo;Rio Bravo;Film;FALSE;FALSE;141;1959;1959;Western;Etats-Unis;
734;Howard Hawks;Rio Lobo;Rio Lobo;Film;FALSE;FALSE;114;1970;1970;Western;États-Unis;
735;Howard Hawks;Scarface;Scarface;Film;FALSE;TRUE;93;1932;1932;Policier, Gangster;États-Unis;
736;Howard Hughes;Le banni;The Outlaw;Film;FALSE;TRUE;126;1943;1943;Western;États-Unis;
737;Hugh Hudson;Révolution;Revolution;Film;FALSE;FALSE;125;1985;1985;Historique, Drame;Royaume-Uni, Norvège;
738;Hugues Le Paige;Il fara politica. Chronique de la Toscane Rouge (1982-2004);Il fara politica. Chronique de la Toscane Rouge (1982-2004);Documentaire TV;FALSE;FALSE;;2004;2004;Documentaire, Politique;Belgique;
739;Hwang Dong-Hyuk;The Fortress;The Fortress;Film;FALSE;FALSE;121;2017;2017;Thriller;Corée du Sud;
740;Iain Softley;K-PAX - L'homme qui vient de loin;K-PAX;Film;FALSE;FALSE;120;2001;2001;Science-fiction, Drame;États-Unis, Allemagne;
741;Ian Nathan;The Thing Expanded;The Thing Expanded;Documentaire TV;FALSE;FALSE;;2026;2026;Cinéma, Making-off;Royaume-Uni;
742;Ilya Naishuller;Heads of State;Heads of State;Film;FALSE;FALSE;118;2025;2025;Action, Comédie;Etats-Unis;
743;Ingmar Bergman;Cris et chuchotements;Viskningar och rop;Film;FALSE;FALSE;91;1972;1972;Drame;Suède;
744;Ingmar Bergman;Jeux d'été;Sommarlek;Film;FALSE;TRUE;96;1951;1951;Suède;Suède;
745;Ingmar Bergman;La flûte enchantée;Trollflöjten;Téléfilm;FALSE;FALSE;135;1975;1975;Suède, Allemagne de l'Ouest;Suède;
746;Ingmar Bergman;La Honte;Skammen;Film;FALSE;TRUE;102;1968;1968;Drame;Suède;
747;Ingmar Bergman;La nuit des forains;Gycklarnas Afton;Film;FALSE;TRUE;85;1953;1953;Drame;Suède;
748;Ingmar Bergman;Le Septième Sceau;Det sjunde inseglet;Film;FALSE;TRUE;96;1957;1957;Suède;Suède;
749;Ingmar Bergman;Les Fraises sauvages;Smultronstället;Film;FALSE;TRUE;108;1957;1957;Suède;Suède;
750;Ingmar Bergman;L'Heure du loup;Vargtimmen;Film;FALSE;TRUE;83;1967;1967;Drame, Epouvante-Horreur;Suède;
751;Ingmar Bergman;L'œuf du serpent;The Serpent's Egg;Film;FALSE;FALSE;119;1977;1977;Allemagne de l'Ouest;Suède;
752;Ingmar Bergman;Monika;Monika;Film;FALSE;TRUE;96;1953;1953;Suède;Suède;
753;Ingmar Bergman;Persona;Persona;Film;TRUE;TRUE;83;1966;1966;Suède;Suède;
754;Ingmar Bergman;Rêves de femmes;Kvinnodröm;Film;FALSE;TRUE;89;1953;1953;Drame;Suède;
755;Ingmar Bergman;Scènes de la vie conjugale;Scènes de la vie conjugale;Film;FALSE;FALSE;168;1973;1973;Drame;Suède;
756;Ingmar Bergman;Sonate d'automne;Höstsonaten;Film;FALSE;FALSE;93;1978;1978;Suède;Suède;
757;Ingmar Bergman;Sourires d'une nuit d'été;Sommarnattens leende;Film;FALSE;TRUE;108;1955;1955;Comédie, Romance;Suède;
758;Ingmar Bergman;Ville portuaire;Hamnstad;Film;FALSE;TRUE;100;1948;1948;Suède;Suède;
759;Irène Taylor;Je suis Céline Dion;Je suis Céline Dion;Documentaire;FALSE;FALSE;103;2024;2024;Documentaire, Musique, Biopic;États-Unis;
760;Irvin Kershner;James Bond 007 -14 Dangereusement vôtre;A View to a Kill;Film;FALSE;FALSE;131;1985;1985;Action, Espionnage;Royaume-Uni, États-Unis;
761;Irvin Kershner;Star Wars V. The Empire Strikes Back;Star Wars V. The Empire Strikes Back;Film;FALSE;FALSE;124;1980;1980;Science-fiction, Aventure;États-Unis;
762;Irving Cummings;The Dolly Sisters;The Dolly Sisters;Film;FALSE;TRUE;114;1945;1945;Comédie musicale, Drame;États-Unis;
763;Irving Pichel & Ernest B. Schoedsack;La Chasse du comte Zaroff;The Most Dangerous Game;Film;FALSE;TRUE;63;1932;1932;Aventure, Horreur, Thriller;États-Unis;
764;Isabel Coixet;The Bookshop;The Bookshop;Film;FALSE;FALSE;113;2017;2017;Drame, Romance;Royaume-Uni;
765;Ishana Shyamalan;Les Guetteurs;The Watchers;Film;FALSE;FALSE;102;2024;2024;Fantastique, Horreur;Etats-Unis;
766;Ivan Reitman;Jumeaux;Twins;Film;FALSE;FALSE;107;1988;1988;Comédie;États-Unis;
767;J. Lee Thompson;Les Canons de Navarone;The Guns of Navarone;Film;FALSE;FALSE;158;1961;1961;Guerre, Aventure;Royaume-Uni, États-Unis;
768;J.C. Chandor;Margin Call;Margin Call;Film;FALSE;FALSE;107;2011;2011;Drame, Thriller;États-Unis;
769;J.J. Abrams;Mission: Impossible 3;Mission: Impossible 3;Film;FALSE;FALSE;126;2006;2006;Action;États-Unis;
770;J.J. Abrams;Star Trek;Star Trek;Film;FALSE;FALSE;127;2009;2009;Science-fiction, Action;États-Unis;
771;J.J. Abrams;Star Wars VII. The Force Awakens;Star Wars VII. The Force Awakens;Film;FALSE;FALSE;138;2015;2015;Science-fiction, Aventure;États-Unis;
772;Jack Clayton;Gatsby le magnifique;The Great Gatsby;Film;FALSE;FALSE;144;1974;1974;Drame, Romance;États-Unis;
773;Jack Clayton;Les chemins de la haute ville;Room at the Top;Film;FALSE;TRUE;117;1959;1959;Drame;Royaume-Uni;
774;Jack Conway & Robert Z. Leonard;Le Marquis de Saint-Evremond;A Tale of Two Cities;Film;FALSE;TRUE;128;1935;1935;Drame, Historique;Etats-Unis;
775;Jack Sholder;L'Aube de l'Apocalypse;By Dawns's Early Light;Film DTV (direct-to-video);FALSE;FALSE;97;1990;1990;Action, Guerre;Etats-Unis;
776;Jack Smight;La Bataille de Midway;Midway;Film;FALSE;FALSE;132;1976;1976;Guerre, Historique, Drame;États-Unis, Japon;
777;Jaco Van Dormael;Mr. Nobody;Mr. Nobody;Film;FALSE;FALSE;139;2009;2009;Drame, Fantastique;France, Canada, Belgique, Allemagne;
778;Jaco Van Dormael;Toto le héros;Toto le héros;Film;FALSE;FALSE;90;1991;1991;Comédie dramatique;Belgique, France;
779;Jacques Audiard;De battre mon coeur s'est arrêté;De battre mon coeur s'est arrêté;Film;FALSE;FALSE;107;2005;2005;Drame;France;
780;Jacques Becker;Rendez-vous de Juillet;Rendez-vous de Juillet;Film;FALSE;TRUE;110;1949;1949;Comédie dramatique;France;
781;Jacques Becker;Touchez pas au grisbi;Touchez pas au grisbi;Film;FALSE;TRUE;96;1954;1954;Policier, Gangster;France;
782;Jacques Besnard;Louis de Funès. Le Grand Restaurant;Louis de Funès. Le Grand Restaurant;Film;FALSE;FALSE;100;1966;1966;Comédie;France;
783;Jacques Brel;Franz;Franz;Film;FALSE;FALSE;97;1971;1971;Drame;Belgique, France;
784;Jacques Deray;Avec la peau des autres;Avec la peau des autres;Film;FALSE;FALSE;100;1966;1966;Policier;France, Italie;
785;Jacques Deray;Borsalino;Borsalino;Film;FALSE;FALSE;125;1970;1970;Policier, Gangster;France, Italie;
786;Jacques Donjean et Philippe Raxhon;Les 3 Serments, la Première Guerre Mondiale en Belgique DVD1;Les 3 Serments, la Première Guerre Mondiale en Belgique DVD1;Documentaire;FALSE;FALSE;90;;;Histoire;Belgique;
787;Jacques Donjean et Philippe Raxhon;Les 3 Serments, la Première Guerre Mondiale en Belgique DVD2;Les 3 Serments, la Première Guerre Mondiale en Belgique DVD2;Documentaire;FALSE;FALSE;90;;;Histoire;Belgique;
788;Jacques Perrin;Jacques Cluzaud;Océans;Océans;Film;FALSE;FALSE;104;2008;2008;Documentaire, Animalier;France, Suisse
789;Jacques Rivette;Paris nous appartient;Paris nous appartient;Film;FALSE;TRUE;140;1961;1961;Drame, Mystère;France;
790;Jacques Rouffio;La passante du Sans-Souci;La passante du Sans-Souci;Film;FALSE;FALSE;115;1982;1982;Drame;France, République Fédérale d'Allemagne;
791;Jacques Tati;Mon oncle;Mon oncle;Film;FALSE;FALSE;110;1958;1958;Comédie;France;
792;Jacques Tati;Playtime;Playtime;Film;FALSE;FALSE;124;1967;1967;Comédie;France;
793;Jacques Tourneur;La Féline;Cat People;Film;FALSE;TRUE;71;1942;1942;Thriller, Fantastique, Film noir, Épouvante-Horreur;Etats-Unis;
794;Jacques Tourneur; Bruno Vailati et Mario Bava;La bataille de Marathon;La battaglia di Maratona;Film;FALSE;FALSE;84;1959;1959;Action, Drame, Péplum;Italie, France, États-Unis
795;Jafar Panahi;Un simple accident;A simple accident;Film;FALSE;FALSE;101;2025;2025;Drame;Iran, France, Luxembourg;
796;James Cameron;Abyss;The Abyss;Film;FALSE;FALSE;140;1989;1989;Science-fiction, Thriller, Aventure;États-Unis;
797;James Cameron;Aliens, le retour;Aliens;Film;FALSE;FALSE;137;1986;1986;Science-Fiction, Epouvante, Horreur;Etats-Unis, Royaume-Uni;
798;James Cameron;Aliens, le retour : Version longue;Aliens: Special Edition;Film;FALSE;FALSE;154;1991;1991;Science-Fiction, Epouvante, Horreur;Etats-Unis;
799;James Cameron;Avatar;Avatar;Film;FALSE;FALSE;162;2009;2009;Science-fiction, Action, Aventure;États-Unis;
800;James Cameron;Terminator;The Terminator;Film;FALSE;FALSE;107;1984;1984;Action, Science-fiction, Épouvante-Horreur;Etats-Unis;
801;James Cameron;Terminator 2 : Le Jugement dernier;"Terminator 2; Judgment Day";Film;FALSE;FALSE;137;1992;1992;Science-fiction, Action;États-Unis;
802;James Cameron;Titanic;Titanic;Film;FALSE;FALSE;194;1997;1997;Drame, Romance;États-Unis;
803;James Edward Grant;L'Ange et le Mauvais Garçon;Angel and the Badman;Film;FALSE;TRUE;100;1947;1947;Western, Romance;États-Unis;
804;James Hawes;Une vie;One Life;Film;FALSE;FALSE;110;2024;2024;Drame, Biopic;Royaume-Uni;
805;James Ivory;Jefferson à Paris;Jefferson in Paris;Film;FALSE;FALSE;144;1995;1995;Historique, Drame, Romance;États-Unis;
806;James Ivory;Les vestiges du jour;Les vestiges du jour;Film;FALSE;FALSE;134;1993;1993;Drame, Romance;Royaume-Uni, États-Unis;
807;James Ivory;Quartet;Quartet;Film;FALSE;FALSE;98;1981;1981;Drame;Royaume-Uni;
808;James Mangold;Walk the Line;Walk the Line;Film;FALSE;FALSE;136;2005;2005;Drame, Biopic, Musical;États-Unis;
809;James Marsh;Le Royaume des Voleurs;Le Royaume des Voleurs;Film;FALSE;FALSE;120;2018;2018;Thriller, Guerre;Royaume-Uni;
810;James McTeigue;V pour Vendetta;V for Vendetta;Film;FALSE;FALSE;132;2005;2005;Science-fiction, Action;États-Unis, Royaume-Uni;
811;James Ponsoldt;The Circle;The Circle;Film;FALSE;FALSE;110;2017;2017;Thriller, Drame;États-Unis;
812;Jamie Uys;Les Dieux sont tombés sur la tête;The Gods must be Crazy;Film;FALSE;FALSE;109;1980;1980;Comédie;Botswana, Afrique du Sud;
813;Jamie Uys;Les Dieux sont tombés sur la tête II;The Gods must be Crazy II;Film;FALSE;FALSE;105;1989;1989;Comédie;Etats-Unis;
814;Jan de Bont;Speed;Speed;Film;FALSE;FALSE;115;1994;1994;Action, Thriller;Etats-Unis;
815;Jan de Bont;Speed 2: Cruise Control;Speed 2: Cruise Control;Film;FALSE;FALSE;93;1987;1987;Action;États-Unis;
816;Jan de Bont;Twister;Twister;Film;FALSE;FALSE;113;1996;1996;Action, Catastrophe;USA;
817;Jan Harlan;Stanley Kubrick: A Life in Pictures;Stanley Kubrick: A Life in Pictures;Documentaire;FALSE;FALSE;142;2001;2001;Documentaire, Biopic, Cinéma;Royaume-Uni;
818;Jan Kounen;Blueberry;Blueberry;Film;FALSE;FALSE;122;2004;2004;Western, Fantastique;France;
819;Jan Vromman;Tant Que Chanteront Les Constructeurs De Navires - Portait d'une industrie DVD1 - Champagne! / Roes;Zolang er Scheepbouwers Zingen;Documentaire;FALSE;FALSE;60;1999;1999;Belgique;Belgique;
820;Jan Vromman;Tant Que Chanteront Les Constructeurs De Navires - Portait d'une industrie DVD2 - Zware Kop / Woord Vuist Lied;Zolang er Scheepbouwers Zingen;Documentaire;FALSE;FALSE;60;1999;1999;Belgique;Belgique;
821;Jane Campion;La Leçon de piano;The Piano;Film;FALSE;FALSE;121;1993;1993;Drame, Romance;Nouvelle-Zélande, Australie, France;
822;Jan-Ole Gerster;Oh Boy;Oh Boy (A Coffee in Berlin);Film;FALSE;TRUE;83;2012;2012;Allemagne;Allemagne;
823;Jasmin Dizdar;Beautiful People;Beautiful People;Film;FALSE;FALSE;102;1999;1999;Comédie dramatique;Royaume-Uni;
824;Jason Bourque;Drone;Drone;Film;FALSE;FALSE;90;2017;2017;Guerre, Drame;Canada;
825;Jason Reitman;In the Air;Up in the Air;Film;FALSE;FALSE;109;2009;2009;Comédie, Drame, Romance;Etats-Unis;
826;Jason Reitman;Thank you for smoking;Thank you for smoking;Film;FALSE;FALSE;92;2006;2006;Comédie dramatique, Satire;États-Unis;
827;Jean Arroy;Autour de Napoléon;Napoléon vu par Abel Gance DVD 1;Moyen-métrage;FALSE;FALSE;59;1926;1926;Documentaire;France;
828;Jean Becker;L'été meurtrier;L'été meurtrier;Film;FALSE;FALSE;74;1983;1983;Thriller, Drame;France;
829;Jean Cocteau;La Belle et la Bête;La Belle et la Bête;Film;FALSE;TRUE;96;1946;1946;Fantastique, Romance;France;
830;Jean Cocteau;Le Testament d'Orphée;Le Testament d'Orphée;Film;FALSE;FALSE;80;1959;1959;Fantastique, Essai;France;
831;Jean Cocteau;Orphée;Orphée;Film;FALSE;TRUE;95;1950;1950;Fantastique, Drame;France;
832;Jean Delannoy;La symphonie pastorale;La symphonie pastorale;Film;FALSE;FALSE;103;1946;1946;Drame;France;
833;Jean Delannoy;Maigret tend un piège;Maigret tend un piège;Film;FALSE;TRUE;114;1958;1958;Policier, Drame;France;
834;Jean Girault;Jo;Jo;Film;FALSE;FALSE;95;1971;1971;Comédie;France;
835;Jean Girault;Louis de Funès. La soupe aux choux;Louis de Funès. La soupe aux choux;Film;FALSE;FALSE;100;1981;1981;Comédie;France;
836;Jean Girault;Louis de Funès. Pouic-Pouic;Louis de Funès. Pouic-Pouic;Film;FALSE;FALSE;98;1963;1963;Comédie;France;
837;Jean Grémillon;Gueule d'amour;Gueule d'amour;Film;FALSE;TRUE;90;1937;1937;Drame, Romance;France;
838;Jean Grémillon;Remorques;Remorques;Film;FALSE;TRUE;91;1941;1941;France;France;
839;Jean Renoir;Boudu sauvé des eaux;Boudu sauvé des eaux;Film;FALSE;TRUE;93;1932;1932;Comédie;France;
840;Jean Renoir;La bête humaine;La bêe humaine;Film;FALSE;TRUE;100;1938;1938;Drame, Policier;France;
841;Jean Renoir;La chienne;La chienne;Film;FALSE;TRUE;91;1931;1931;Drame;France;
842;Jean Renoir;La grande illusion;La grande illusion;Film;FALSE;TRUE;114;1937;1937;Guerre, Drame;France;
843;Jean Renoir;La Marseillaise;La Marseillaise;Film;FALSE;TRUE;131;1938;1938;France;France;
844;Jean Renoir;La règle du jeu;La règle du jeu;Film;FALSE;TRUE;107;1939;1939;Comédie dramatique;France;
845;Jean Renoir;Le Caporal épinglé;Le Caporal épinglé;Film;FALSE;FALSE;105;1962;1962;Guerre, Drame;France, Italie;
846;Jean Renoir;Le crime de Monsieur Lange;Le crime de Monsieur Lange;Film;FALSE;TRUE;80;1936;1936;Drame;France;
847;Jean Renoir;Le Fleuve;The River;Film;FALSE;FALSE;99;1951;1951;France, Inde;France, Inde, Etats-Unis;
848;Jean Renoir;L'Homme du Sud;The Southerner;Film;FALSE;TRUE;91;1945;1945;Drame;Etats-Unis;
849;Jean Renoir;Nana;Nana;Film;TRUE;TRUE;89;1926;1926;Drame;France;
850;Jean Rouch;Au pays des mages noirs;Au pays des mages noirs;Court-métrage documentaire;FALSE;TRUE;15;1947;1947;Documentaire;France;
851;Jean Rouch;Jaguar;Jaguar;Documentaire;FALSE;FALSE;93;1967;1967;Documentaire;France;
852;Jean Rouch;Les Maîtres fous;Les Maîtres fous;Court-métrage documentaire;FALSE;FALSE;28;1955;1955;Documentaire;France;
853;Jean Rouch;Moi, un noir;Moi, un noir;Film;FALSE;FALSE;70;1959;1959;Drame;France;
854;Jean Rouch & Edgar Morin;Chronique d'un été;Chronique d'un été;Documentaire;FALSE;TRUE;85;1961;1961;Documentaire;France;
855;Jean Vigo;L'Atalante;L'Atalante;Film;FALSE;TRUE;89;1934;1934;Drame, Romance;France;
856;Jean Vigo;Zéro de conduite: Jeunes diables au collège;Zéro de conduite;Film;FALSE;TRUE;44;1933;1933;Drame;France;
857;Jean-Jacques Annaud;Deux frères;Deux frères;Film;FALSE;FALSE;109;2004;2004;Aventure, Drame;France;
858;Jean-Jacques Annaud;La Guerre du feu;La guerre du feu;Film;FALSE;FALSE;100;1981;1981;Aventure, Drame, Historique;France;
859;Jean-Jacques Annaud;Le Nom de la rose;The Name of the Rose;Film;FALSE;FALSE;130;1986;1986;Thriller, Historique;États-Unis, Italie, France, Allemagne;
860;Jean-Jacques Annaud;L'Ours;L'ours;Film;FALSE;FALSE;96;1988;1988;Aventure, Drame;France, Etats-Unis;
861;Jean-Jacques Annaud;Stalingrad;Enemy at the Gates;Film;FALSE;FALSE;131;2001;2001;Drame, Historique, Thriller, Guerre;États-Unis, Allemagne, Royaume-Uni, Irlande;
862;Jean-Jacques Beinex;Diva;Diva;Film;FALSE;FALSE;117;1981;1981;Thriller, Drame, Romance;France;
863;Jean-Luc Godard;À bout de souffle;À bout de souffle;Film;FALSE;TRUE;90;1960;1960;Policier, Drame;France;
864;Jean-Luc Godard;Alphaville, une étrange aventure de Lemmy Caution;Alphaville, une étrange aventure de Lemmy Caution;Film;FALSE;TRUE;99;1965;1965;France, Italie;Italie, France;
865;Jean-Luc Godard;Bande à part;Bande à part;Documentaire;FALSE;TRUE;95;1964;1964;Policier, Comédie dramatique, Nouvelle Vague;France;
866;Jean-Luc Godard;Le Mépris;Le Mépris;Film;FALSE;FALSE;103;1963;1963;Drame, Romance;France, Italie;
867;Jean-Luc Godard;Les carabiniers;Les carabiniers;Film;FALSE;FALSE;76;1963;1963;Comédie, Drame, Guerre;France, Italie;
868;Jean-Luc Godard;Masculin féminin;Masculin féminin;Film;FALSE;FALSE;110;1966;1966;Drame, Romance;France, Suède;
869;Jean-Marc Vallée;C.R.A.Z.Y.;C.R.A.Z.Y.;Film;FALSE;FALSE;129;2005;2005;Comédie dramatique;Canada;
870;Jean-Marie Poiré;Le père Noël est une ordure !;Le père Noël est une ordure;Film;FALSE;FALSE;91;1982;1982;Comédie;France;
871;Jean-Paul Fargier;Bill Viola. Expérience de l'infini;Bill Viola. Expérience de l'infini;Documentaire;FALSE;FALSE;52;2013;2013;Documentaire, Art;France;
872;Jean-Paul Lilienfeld;La journée de la jupe;La journée de la jupe;Film;FALSE;FALSE;89;2008;2008;Drame;France;
873;Jean-Paul Rappeneau;Cyrano de Bergerac;Cyrano de Bergerac;Film;FALSE;FALSE;135;1990;1990;Drame, Romance;France;
874;Jean-Paul Salomé;Belphégor : Le Fantôme du Louvre;Belphégor - Le fantôme du Louvre;Film;FALSE;FALSE;98;2001;2001;Fantastique, Thriller;France;
875;Jean-Pierre & Luc Dardenne;La fille inconnue;La fille inconnue;Film;FALSE;FALSE;113;2016;2016;Drame;Belgique, France;
876;Jean-Pierre & Luc Dardenne;Le gamin au vélo;Le gamin au vélo;Film;FALSE;FALSE;87;2011;2011;Drame;Belgique, France;
877;Jean-Pierre Dardenne & Luc Dardenne;Rosetta;Rosetta;Film;FALSE;FALSE;95;1999;1999;Drame;Belgique, France;
878;Jean-Pierre Jeunet;Alien, la résurrection;Alien: Resurrection;Film;FALSE;FALSE;109;1997;1997;Science-Fiction, Epouvante, Horreur;États-Unis;
879;Jean-Pierre Jeunet;Le Fabuleux Destin d'Amélie Poulain;Le fabuleux destin d'Amélie Poulain;Film;FALSE;FALSE;122;2001;2001;Comédie, Romance;France;
880;Jean-Pierre Jeunet;Micmacs à tire-larigot;Micmacs à tire-larigot;Film;FALSE;FALSE;104;2009;2009;Comédie, Aventure;France;
881;Jean-Pierre Jeunet;Un long dimanche de fiançailles;Un long dimanche de fiançailles;Film;FALSE;FALSE;133;2004;2004;Drame, Guerre, Romance;France;
882;Jean-Pierre Marchand;Julie de Chaverny ou la Double Méprise;Julie de Chaverny ou la Double Méprise;Film;FALSE;TRUE;90;1967;1967;Drame, Romance;France;
883;Jean-Pierre Melville;Bob le flambeur;Bob le flambeur;Film;FALSE;FALSE;98;1956;1956;Policier, Drame, Thriller;France;
884;Jean-Pierre Melville;L'armée des ombres;L'armée des ombres;Film;FALSE;FALSE;145;1969;1969;Drame, Guerre;France, Italie;
885;Jean-Pierre Melville;Le Cercle Rouge;Le Cercle Rouge;Film;FALSE;FALSE;140;1970;1970;Policier, Thriller, Drame;Italie, France;
886;Jean-Pierre Melville;Le Doulos;Le Doulos;Film;FALSE;FALSE;108;1962;1962;Policier, Thriller, Drame;France, Italie;
887;Jean-Pierre Melville;Le Samouraï;Le Samouraï;Film;FALSE;FALSE;105;1967;1967;Film noir, Policier, Thriller, Drame;France, Italie;
888;Jean-Pierre Melville;Léon Morin Prêtre;Léon Morin Prêtre;Film;FALSE;FALSE;117;1961;1961;Drame, Romance, Guerre;France, Italie;
889;Jee-Woon; Kim;Dernier rempart;The Last Stand;Film;FALSE;FALSE;107;2013;2013;Action;États-Unis
890;Jennifer Flackett;L'île de Nim;L'île de Nim;Film;FALSE;FALSE;99;2008;2008;Aventure, Famille;États-Unis;
891;Jeremy Dyson;Ghost Stories;Ghost Stories;Film;FALSE;FALSE;98;2017;2017;Horreur, Anthologie;Royaume-Uni;
892;Jerome Hellman & John Schlesinger;Midnight Cowboy;Midnight Cowboy;Film;FALSE;FALSE;113;1969;1969;Drame;États-Unis;
893;Jim Jarmusch;Broken Flowers;Broken Flowers;Film;FALSE;FALSE;106;2005;2005;Comédie dramatique;Etats-Unis, France;
894;Jim Jarmusch;Coffee and Cigarettes;Coffee and Cigarettes;Film;FALSE;TRUE;96;2003;2003;Comédie, Sketches;Etats-Unis;
895;Jim Jarmusch;Down by Law - Sous le coup de la loi;Down by Law;Film;FALSE;TRUE;107;1986;1986;Comédie, Drame;Etats-Unis;
896;Jim Jarmusch;Only lovers left alive;Only lovers left alive;Film;FALSE;FALSE;123;2013;2013;Drame, Romance, Fantastique;États-Unis, Royaume-Uni;
897;Jim Jarmusch;Paterson;Paterson;Film;FALSE;FALSE;118;2016;2016;Comédie dramatique;France, Allemagne, Etats-Unis;
898;Jim Sheridan;In America;In America;Film;FALSE;FALSE;103;2002;2002;Drame;Irlande, Royaume-Uni, Etats-Unis;
899;Joachim Rønning;Tron 3: Ares;Tron: Ares;Film;FALSE;FALSE;119;2025;2025;Science-fiction, Aventure;Etats-Unis;
900;Joachim Trier;Julie (en 12 chapitres);Verdens verste menneske;Film;FALSE;FALSE;128;2021;2021;Comédie dramatique, Romance;Norvège, France, Suède, Danemark;
901;Joachim Trier;Oslo, 31 août;Oslo, 31. august;Film;FALSE;FALSE;95;2011;2011;Drame;Norvège;
902;Joachim Trier;Valeur sentimentale;Afeksionsverdi;Film;FALSE;FALSE;135;2025;2025;Drame;Norvège, France, Allemagne, Danemark;
903;Joana Hadjithomas et Khalil Joreige;Je veux voir;Je veux voir;Film;FALSE;FALSE;75;2008;2008;Drame;France;
904;Joann Sfar;Gainsbourg (Vie héroïque);Gainsbourg (Vie héroïque);Film;FALSE;FALSE;135;2010;2010;Biopic, Drame, Musical;France;
905;Joe Dante;Gremlins;Gremlins;Film;FALSE;FALSE;106;1984;1984;Comédie, Fantastique, Horreur;États-Unis;
906;Joe Dante & al.;La Quatrième Dimension;Twilight Zone: The Movie;Film;FALSE;FALSE;101;1983;1983;Fantastique, Anthologie, Science-fiction;États-Unis;
907;Joe Johnston;Jumanji;Jumanji;Film;FALSE;FALSE;104;1995;1995;Aventure, Fantasy, Famille;États-Unis;
908;Joe Pytka;Space Jam;Space Jam;Film;FALSE;FALSE;87;1996;1996;Comédie, Animation, Sport;États-Unis;
909;Joe Wright;Orgueil & Préjugés;Orgueil & Préjugés;Film;FALSE;FALSE;127;2005;2005;Drame, Romance;Royaume-Uni, France;
910;Joe Wright;Reviens-moi;Atonement;Film;FALSE;FALSE;123;2007;2007;Drame, Guerre, Romance;Royaume-Uni, France;
911;Joel Schumacher;Bad Company;Bad Company;Film;FALSE;FALSE;116;2002;2002;Action, Comédie, Espionnage;États-Unis;
912;Joel Schumacher;Chute libre;Falling Down;Film;FALSE;FALSE;113;1993;1993;Drame, Thriller;États-Unis;
913;Joel Zwick;Mariage à la grecque;My Big Fat Greek Wedding;Film;FALSE;FALSE;95;2002;2002;Comédie romantique;États-Unis;
914;Joel Zwick;Mon mariage grec (2 DVD);Mon mariage grec (2 DVD);Film;FALSE;FALSE;95;2002;2002;Comédie;États-Unis;
915;Johan Deflander;Behind the Mask;Behind the Mask;Court-métrage documentaire;FALSE;FALSE;30;2023;2023;Documentaire, Société;Belgique, Pays-Bas;
916;Johan Deflander & Justine Bitagoye; Pascal Capitolin;Rwagasore. Vie, combat, espoir;Rwagasore. Vie, combat, espoir;Documentaire;FALSE;FALSE;52;2012;2012;Documentaire, Biopic;Burundi, Belgique
917;Johan Grimonprez;Soundtrack to a Coup d'Etat;Soundtrack to a Coup d'Etat;Documentaire;FALSE;FALSE;150;2024;2024;Musique, Politique, Société;Belgique, France, Pays-Bas;
918;John Badham;La fièvre du Samedi Soir;La fièvre du Samedi Soir;Film;FALSE;FALSE;119;1977;1977;Drame, Musical;États-Unis;
919;John Badham;WarGames;WarGames;Film;FALSE;FALSE;114;1983;1983;Thriller;Etats-Unis;
920;John Boorman;Excalibur;Excalibur;Film;FALSE;FALSE;140;1981;1981;Fantasy, Aventure;Royaume-Uni, États-Unis;
921;John Boorman;Zardoz;Zardoz;Film;FALSE;FALSE;105;1974;1974;Science-fiction;Royaume-Uni, Irlande;
922;John Carpenter;Fog;The Fog;Film;FALSE;FALSE;91;1980;1980;Épouvante - Horreur;Etats-Unis;
923;John Carpenter;La Chose;The Thing;Film;FALSE;FALSE;104;1982;1982;Épouvante-Horreur, Science-fiction;Etats-Unis;
924;John Carpenter;Le Village des damnés;Village of the Damned;Film;TRUE;TRUE;77;1995;1995;Science-fiction, Horreur;États-Unis;
925;John Carpenter;The Fog;The Fog;Film;FALSE;FALSE;89;1979;1979;Horreur;États-Unis;
926;John Downer;Le clan des Rois (Pride);Le clan des Rois (Pride);Film;FALSE;FALSE;90;2004;2004;Documentaire, Animalier;Royaume-Uni;
927;John Farrow;Révolte à bord;Two Years Before the Mast;Film;FALSE;TRUE;98;1946;1946;Aventure;États-Unis;
928;John Ford;La charge héroïque;She Wore a Yellow Ribbon;Film;FALSE;FALSE;103;1949;1949;Western;États-Unis;
929;John Ford;La Chevauchée fantastique;Stagecoach;Film;FALSE;TRUE;96;1939;1939;Western;Etats-Unis;
930;John Ford;La Conquête de l'Ouest;How the West Was Won;Film;FALSE;FALSE;165;1962;1962;Western, Historique, Aventure;États-Unis;
931;John Ford;La Prisonnière du désert;The Searchers;Film;FALSE;FALSE;119;1956;1956;Western, Drame;Etats-Unis;
932;John Ford;La route au tabac;Tobacco Road;Film;FALSE;TRUE;84;1941;1941;Drame;États-Unis;
933;John Ford;Le convoi des braves;Wagon Master;Film;FALSE;TRUE;86;1950;1950;Western;États-Unis;
934;John Ford;Le Massacre de Fort-Apache;Le Massacre de Fort-Apache;Film;FALSE;TRUE;127;1948;1948;Western;États-Unis;
935;John Ford;Les Cheyennes;Cheyenne Autumn;Film;FALSE;FALSE;154;1964;1964;Western;États-Unis;
936;John Ford;Les Raisins de la colère;The Grapes of Wrath;Film;FALSE;TRUE;129;1940;1940;Drame, Historique, Road-movie;Etats-Unis;
937;John Ford;L'homme qui tua Liberty Valance;The Man Who Shot Liberty Valance;Film;FALSE;FALSE;123;1962;1962;Western;Etats-Unis;
938;John Ford;Marie Stuart;Mary of Scotland;Film;FALSE;TRUE;123;1936;1936;Historique, Drame;États-Unis;
939;John Ford;Rio Grande;Rio Grande;Film;FALSE;FALSE;105;1950;1950;Western;États-Unis;
940;John Ford;Sur la piste des Mohawks;Drums along the Mohawks;Film;FALSE;FALSE;103;1939;1939;Western;Etats-Unis;
941;John Francis Daley & Jonathan Goldstein;Donjons & Dragons - L'honneur des voleurs;Donjons & Dragons: Honor among Thieves;Film;FALSE;FALSE;134;2023;2023;Fantasy, Aventure, Comédie;États-Unis;
942;John Frankenheimer;French Connection N°2;French Connection II;Film;FALSE;FALSE;119;1975;1975;Policier, Thriller;États-Unis, France;
943;John Frankenheimer;Ronin;Ronin;Film;FALSE;FALSE;122;1997;1997;Action;Etats-Unis;
944;John Glen;Christophe Colomb: La découverte;Christopher Columbus: The Discovery;Film;FALSE;FALSE;120;1992;1992;Aventure, Historique;États-Unis, Royaume-Uni, Espagne;
945;John Glen;James Bond 007 -12 Rien que pour vos yeux;For Your Eyes Only;Film;FALSE;FALSE;127;1981;1981;Action, Espionnage;Royaume-Uni, États-Unis;
946;John Glen;James Bond 007 -13 Octopussy;Octopussy;Film;FALSE;FALSE;131;1983;1983;Action, Espionnage;Royaume-Uni, États-Unis;
947;John Glen;James Bond 007 -15 Tuer n'est pas jouer;The Living Daiylights;Film;FALSE;FALSE;130;1987;1987;Action, Espionnage;Royaume-Uni, États-Unis;
948;John Glen;James Bond 007 -16 Permis de tuer;Licence to Kill;Film;FALSE;FALSE;133;1989;1989;Action, Espionnage;Royaume-Uni, États-Unis;
949;John Glen;Octopussy;Octopussy;Film;FALSE;FALSE;131;1983;1983;Action, Espionnage;Royaume-Uni;
950;John Guillermin;King Kong;King Kong;Film;FALSE;FALSE;134;1976;1976;Aventure, Fantastique;États-Unis;
951;John Guillermin;La tour infernale;The Towering Inferno;Film;FALSE;FALSE;165;1974;1974;Catastrophe, Action, Drame;États-Unis;
952;John Hughes;The Breakfast Club;The Breakfast Club;Film;FALSE;FALSE;97;1985;1985;Comédie dramatique;États-Unis;
953;John Huston;Key Largo;Key Largo;Film;FALSE;TRUE;101;1948;1948;Policier, Film noir, Drame;États-Unis;
954;John Huston;La Bible;La Bible;Film;FALSE;FALSE;174;1966;1966;Historique, Drame, Religieux;Italie, États-Unis;
955;John Huston;Les désaxés;The Misfits;Film;FALSE;TRUE;125;1961;1961;Drame, Western;États-Unis;
956;John Huston;L'homme qui voulut être roi;The Man Who Would Be King;Film;FALSE;FALSE;129;1975;1975;Aventure, Drame;Royaume-Uni, États-Unis;
957;John Huston;L'honneur des Prizzi;Prizzi's Honor;Film;FALSE;FALSE;130;1985;1985;Comédie noire, Policier;États-Unis;
958;John Huston;Prizzi's Honor;Prizzi's Honor;Film;FALSE;FALSE;130;1985;1985;Comédie noire, Policier;États-Unis;
959;John Huston;Promenade avec l'amour et la mort;A Walk with Love and Death;Film;FALSE;FALSE;90;1969;1969;Drame;Etats-Unis;
960;John Irvin;Hamburger Hill;Hamburger Hill;Film;FALSE;FALSE;110;1987;1987;Guerre, Drame;États-Unis;
961;John Korty;La loi du silence;Resting Place;Film;FALSE;FALSE;100;1986;1986;Drame, Judiciaire;États-Unis;
962;John Landis;Les Blues Brothers;Les Blues Brothers;Film;FALSE;FALSE;133;1980;1980;Comédie musicale, Comédie;Etats-Unis;
963;John Landis;The Blues Brothers;The Blues Brothers;Film;FALSE;FALSE;133;1980;1980;Comédie musicale, Action;États-Unis;
964;John Lasseter;Toy Story;Toy Story;Film;FALSE;FALSE;81;1995;1995;Animation, Comédie;États-Unis;
965;John Lasseter;Toy Story 2;Toy Story 2;Long-métrage d'animation;FALSE;FALSE;92;1999;1999;Animation, Comédie;États-Unis;
966;John Lee Hancock;Dans l'ombre de Mary - La Promesse de Walt Disney;Saving Mr Banks;Film;FALSE;FALSE;125;2013;2013;Drame, Biopic;Etats-Unis;
967;John Lennon;Power to the People. The Hits (DVD);Power to the People. The Hits (DVD);Documentaire musical;FALSE;FALSE;108;2010;2010;Documentaire, Musique;Royaume-Uni;
968;John Madden;Capitaine Corelli;Captain Corelli's Mandolin;Film;FALSE;FALSE;131;2001;2001;Romance, Guerre, Drame;États-Unis, Royaume-Uni, France;
969;John Madden;Miss Sloane;Miss Sloane;Film;FALSE;FALSE;132;2016;2016;Thriller, Politique;États-Unis;
970;John Madden;Mrs. Brown (La dame de Windsor);Mrs. Brown (La dame de Windsor);Film;FALSE;FALSE;103;1997;1997;Drame, Biopic;Royaume-Uni;
971;John Madden;Shakespeare in Love;Shakespeare in Love;Film;FALSE;FALSE;123;1998;1998;Comédie dramatique, Romance;Royaume-Uni, États-Unis;
972;John McTiernan;À la poursuite d'Octobre Rouge;The Hunt for Red October;Film;FALSE;FALSE;135;1990;1990;Action, Thriller;États-Unis;
973;John McTiernan;Die Hard / Piège de cristal;Die Hard;Film;FALSE;FALSE;132;1988;1988;Action;États-Unis;
974;John McTiernan;Last Action Hero;Last Action Hero;Film;FALSE;FALSE;131;1993;1993;Action, Comédie;États-Unis;
975;John McTiernan;Piège de cristal;Die Hard;Film;FALSE;FALSE;131;1988;1988;Action;États-Unis;
976;John McTiernan;Predator;Predator;Film;FALSE;FALSE;107;1987;1987;Science-fiction, Action;Etats-Unis;
977;John Milius;Conan le Barbare;Conan the Barbarian;Film;FALSE;FALSE;129;1982;1982;Fantasy, Aventure;États-Unis;
978;John Putch;L'Aventure du Poséidon;The Poseidon adventure;Film;FALSE;FALSE;98;2005;2005;Catastrophe, Drame;Etats-Unis;
979;John Schlesinger;Marathon Man;Marathon Man;Film;FALSE;FALSE;125;1976;1976;Thriller;États-Unis;
980;John Sturges;Destination Zebra, station polaire;Ice Station Zebra;Film;FALSE;FALSE;152;1968;1968;Aventure, Guerre froide;Etats-Unis;
981;John Sturges;Les 7 mercenaires;The Magnificent Seven;Film;FALSE;FALSE;128;1960;1960;Western;États-Unis;
982;John Wayne;Alamo;The Alamo;Film;FALSE;FALSE;167;1960;1960;Western, Historique, Guerre;États-Unis;
983;John Woo;Broken Arrow;Broken Arrow;Film;FALSE;FALSE;108;1996;1996;Action;États-Unis;
984;John Woo;Les 3 Royaumes / Red Cliff;Les 3 Royaumes / Red Cliff;Film;FALSE;FALSE;148;2008;2008;Historique, Guerre, Action;Chine, Japon, Corée du Sud, Taïwan;
985;John Woo;Mission: Impossible 2;Mission: Impossible II;Film;FALSE;FALSE;123;2000;2000;Action;États-Unis;
986;John Woo;Paycheck;Paycheck;Film;FALSE;FALSE;119;2003;2003;Thriller, Science-fiction;États-Unis;
987;John Woo;Volte/face;Face/Off;Film;FALSE;FALSE;138;1997;1997;Action, Thriller;États-Unis;
988;John Woo;Windtalkers : Les Messagers du vent;Windtalkers;Film;FALSE;FALSE;115;2002;2002;Action, Guerre;Etats-Unis;
989;Johnnie To;Election 1;Election 1;Film;FALSE;FALSE;100;2005;2005;Policier, Drame;Hong Kong;
990;Jon Avnet;Beignets de tomates vertes;Fried Green Tomatoes;Film;FALSE;FALSE;130;1991;1991;Comédie dramatique;États-Unis;
991;Jonathan Dayton;Valerie Faris;Little Miss Sunshine;Little Miss Sunshine;Film;FALSE;FALSE;101;2006;2006;Comédie dramatique;États-Unis
992;Jonathan Demme;Le silence des agneaux;The Silence of the Lambs;Film;FALSE;FALSE;118;1991;1991;Thriller, Horreur;États-Unis;
993;Jonathan Glazer;La Zone d'intérêt;The Zone of Interest;Film;FALSE;FALSE;105;2023;2023;Royaume-Uni, Pologne, États-Unis;Royaume-Uni, Pologne, Etats-Unis;
994;Jonathan Glazer;Under the skin;Under the skin;Film;FALSE;FALSE;108;2013;2013;Science-fiction, Drame;Royaume-Uni, États-Unis;
995;Jonathan Moslow;U-571;U-571;Film;FALSE;FALSE;116;2000;2000;Guerre, Action;États-Unis, Royaume-Uni, Roumanie;
996;Jonathan Mostow;Terminator 3 : Le Soulèvement des machines;Terminator 3: Rise of the Machines;Film;FALSE;FALSE;109;2003;2003;Science-fiction, Action;États-Unis;
997;Jordi Savall; La Capela Reial de Catalunya & Hespèrion XXI;Dynastie Borgia DVD Jordi Savall & The Borgias;Dynastie Borgia DVD Jordi Savall & The Borgias;Documentaire musical;FALSE;FALSE;73;2010;2010;Documentaire, Musique;Espagne, France
998;Joris Ivens;Etude des mouvements à Paris;;Court-métrage documentaire;TRUE;TRUE;13;1927;1927;France;Pays-Bas;
999;Joris Ivens;Komsomol : le chant des héros;;Court-métrage documentaire;FALSE;TRUE;13;1933;1933;Belgique, Pays-Bas;Union Soviétique;
1000;Joris Ivens;La flèche ardente;;Court-métrage documentaire;FALSE;TRUE;;1912;1912;Aventure, Documentaire;Pays-Bas;
1001;Joris Ivens;La Pluie;;Court-métrage documentaire;FALSE;TRUE;12;1929;1929;Documentaire, Art;Pays-Bas;
1002;Joris Ivens;Le Pont;;Court-métrage documentaire;TRUE;TRUE;12;1928;1928;Belgique;Pays-Bas;
1003;Joris Ivens;L'électrification et la terre;The Power and the Land;Court-métrage documentaire;FALSE;TRUE;38;1940;1940;Documentaire, Société;Etats-Unis;
1004;Joris Ivens;Les 400 millions;The Four Hundred Million;Court-métrage documentaire;FALSE;TRUE;53;1939;1939;Documentaire, Guerre;Etats-Unis;
1005;Joris Ivens;Nouvelle terre;Nieuwe Gronden;Court-métrage documentaire;TRUE;TRUE;30;1933;1933;Documentaire, Société;Pays-Bas;
1006;Joris Ivens;Symphonie industrielle;Phillips-Radio;Court-métrage documentaire;FALSE;TRUE;36;1931;1931;Pays-Bas;Pays-Bas;
1007;Joris Ivens;Terre d'Espagne;The Spanish Earth;Court-métrage documentaire;FALSE;TRUE;54;1937;1937;Documentaire, Guerre;Etats-Unis;
1008;Joris Ivens & Henri Storck;Misère au Borinage;Misère au Borinage;Court-métrage documentaire;FALSE;TRUE;30;1933;1933;Belgique;Belgique;
1009;Josée Dayan;Balzac;Balzac;Téléfilm;FALSE;FALSE;240;1999;1999;Historique;France, Italie, Allemagne;
1010;Josef Piwkowski;Pierwszy Film;Pierwszy Film (Lumière ! Le cinématographe 1895-1905 DVD 2);Court-métrage documentaire;FALSE;FALSE;10;1982;1982;Expérimental;Pologne;
1011;Josef von Sternberg;L'ange bleu;Der blaue Engel;Film;FALSE;TRUE;108;1930;1930;Drame, Musical;Allemagne;
1012;Josef von Sternberg;L'impératrice rouge;The Scarlet Empress;Film;FALSE;FALSE;105;1934;1934;Drame, Historique, Biopic;Etats-Unis;
1013;Joseph Beauregard;Le chagrin et la pitié - la France de Vichy dynamitée;Le chagrin et la pitié - la France de Vichy dynamitée;Documentaire TV;FALSE;FALSE;90;2024;2024;France;France;
1014;Joseph Cornell;A Legend for Fountains;A Legend for Fountains;Court-métrage;FALSE;TRUE;16;1965;1965;Expérimental;Etats-Unis;
1015;Joseph Cornell;Angel;Angel;Court-métrage;FALSE;FALSE;3;1957;1957;Expérimental;Etats-Unis;
1016;Joseph Cornell;Jack's Dream;Jack's Dream;Court-métrage;TRUE;FALSE;4;1938;1938;Muet, Musique;Etats-Unis;
1017;Joseph Cornell;Rose Hobart;Rose Hobart;Court-métrage;FALSE;FALSE;19;1936;1936;Expérimental;Etats-Unis;
1018;Joseph Cornell & Rudy Burkhardt;Nymphlight;Nymphlight;Court-métrage;TRUE;FALSE;8;1957;1957;Expérimental;Etats-Unis;
1019;Joseph Kosinski;Oblivion;Oblivion;Film;FALSE;FALSE;125;2013;2013;Science-fiction, Thriller;États-Unis;
1020;Joseph Kosinski;Tron 2: L'héritage;Tron. L'héritage;Film;FALSE;FALSE;125;2010;2010;Science-fiction, Aventure;Etats-Unis;
1021;Joseph L. Mankiewicz;Cléopâtre Partie I;Cleopatra Special Edition Part I DVD 1;Film;FALSE;FALSE;251;1963;1963;Historique, Péplum, Drame, Biopic, Romance;Suisse, Royaume-Uni, États-Unis;
1022;Joseph L. Mankiewicz;Cléopâtre Partie II;Cleopatra Special Edition Part II DVD 2;Film;FALSE;FALSE;;1963;1963;Historique, Péplum, Drame;États-Unis;
1023;Joseph L. Mankiewicz;Eve...;All About Eve;Film;FALSE;TRUE;138;1950;1950;Drame;États-Unis;
1024;Joseph L. Mankiewicz;Le Limier;Sleuth;Film;FALSE;FALSE;138;1973;1973;Policier, Thriller;Royaume-Uni, Etats-Unis;
1025;Joseph L. Mankiewicz;Soudain l'été dernier;Suddenly, Last Summer;Film;FALSE;TRUE;114;1959;1959;Drame, Thriller;Etats-Unis;
1026;Joseph Losey;Don Giovanni;Don Giovanni;Film;FALSE;FALSE;170;1979;1979;Drame, Musical;Royaume-Uni;
1027;Joseph McGinty Nicol;Terminator 4 - Salvation;Terminator 4 - Salvation;Film;FALSE;FALSE;115;2009;2009;Science-fiction, Action;États-Unis;
1028;Josh Cooley;Toy Story 4;Toy Story 4;Long-métrage d'animation;FALSE;FALSE;100;2019;2019;Animation, Comédie;États-Unis;
1029;Joshua Logan;Arrêt d'autobus;Bus Stop;Film;FALSE;FALSE;96;1956;1956;Comédie dramatique, Romance, Western;États-Unis;
1030;Joshua Logan;Pacifique Sud;South Pacific (Rodgers & Hammerstein) (2 DVDs);Film;FALSE;FALSE;157;1958;1958;Comédie musicale;Etats-Unis;
1031;Joshua Oppenheimer;The Act of Killing;Jagal;Documentaire;FALSE;FALSE;159;2013;2013;Documentaire;Danemark, Norvège, Royaume-Uni;
1032;Jules Bass & Arthur Rankin Jr.;The Hobbit;The Hobbit;Long-métrage d'animation;FALSE;FALSE;77;1966;1966;Fantasy, Animation;Etats-Unis;
1033;Jules Bass & Arthur Rankin Jr.;The Return of the King;The Return of the King;Long-métrage d'animation;FALSE;FALSE;98;1980;1980;Fantasy, Animation;Etats-Unis, Japon;
1034;Jules Dassin;Topkapi;Topkapi;Film;FALSE;FALSE;121;1964;1964;Comédie, Policier;Royaume-Uni, États-Unis;
1035;Julian Jarrold;Becoming Jane;Becoming Jane;Film;FALSE;FALSE;120;2007;2007;Romance, Biopic, Drame;Royaume-Uni, Irlande;
1036;Julie Bertuccelli;L'arbre;The Tree;Film;FALSE;FALSE;101;2010;2010;Drame;France, Australie;
1037;Julie Taymor;Frida;Frida;Film;FALSE;FALSE;123;2002;2002;Biopic, Drame;États-Unis, Mexique, Canada;
1038;Julien Duvivier;Anna Karenine;Anna Karenine;Film;FALSE;TRUE;139;1948;1948;Drame, Romance;Royaume-Uni;
1039;Julien Duvivier;Au bonheur des dames;Au bonheur des dames;Film;TRUE;TRUE;80;1930;1930;France;France;
1040;Julien Duvivier;Fernandel 1 Le Petit Monde de Don Camillo;Fernandel 1 Le Petit Monde de Don Camillo;Film;FALSE;TRUE;108;1952;1952;Comédie dramatique;France, Italie;
1041;Julien Duvivier;Fernandel 3 La grande bagarre de Don Camillo;Fernandel 3 La grande bagarre de Don Camillo;Film;FALSE;FALSE;107;1955;1955;Comédie;France, Italie;
1042;Julien Duvivier;Le Golem;Le Golem;Film;FALSE;TRUE;83;1936;1936;Fantastique;France, Tchéquie;
1043;Julien Duvivier;Marie-Octobre;Marie-Octobre;Film;FALSE;TRUE;102;1959;1959;Drame, Thriller;France;
1044;Julien Duvivier;Pépé le Moko;Pépé le Moko;Film;FALSE;TRUE;97;1937;1937;Drame, Policier;France;
1045;Julien Duvivier;Voici le temps des assassins;Voici le temps des assassins;Film;FALSE;TRUE;115;1956;1956;Comédie dramatique, Thriller;France;
1046;Justin Chadwick;Deux sœurs pour un roi;The Other Boleyn Girl;Film;FALSE;FALSE;115;2008;2008;Drame, Historique, Romance;Royaume-Uni, États-Unis;
1047;Justine Triet;Anatomie d'une chute;Anatomie d'une chute;Film;FALSE;FALSE;151;2023;2023;Policier, Drame;France;
1048;Justine Triet;La bataille de Solférino;La bataille de Solférino;Film;FALSE;FALSE;113;2013;2013;Comédie dramatique;France;
1049;Juuan Carlos Fresnadillo & Danny Boyle;28 ans plus tard;28 Years Later;Film;FALSE;FALSE;115;2025;2025;Épouvante - Horreur;Royaume-Uni, Etats-Unis;
1050;Juuan Carlos Fresnadillo & Danny Boyle;28 semaines plus tard;28 Weeks Later;Film;FALSE;FALSE;100;2007;2007;Épouvante - Horreur;Royaume-Uni, Espagne;
1051;Karyn Kusama;Æon Flux;Æon Flux;Film;FALSE;FALSE;93;2005;2005;Science-fiction, Action;Etats-Unis;
1052;Kathryn Bigelow;Blue Steel;Blue Steel;Film;FALSE;FALSE;102;1990;1990;Thriller, Policier;États-Unis;
1053;Kathryn Bigelow;Démineurs;The Hurt Locker;Film;FALSE;FALSE;131;2009;2009;Guerre, Drame;Etats-Unis;
1054;Kathryn Bigelow;K19 The Widowmaker;K19 The Widowmaker;Film;FALSE;FALSE;138;2002;2002;Drame, Historique, Thriller;États-Unis, Allemagne, Royaume-Uni, Canada;
1055;Kathryn Bigelow;Strange Days;Strange Days;Film;FALSE;FALSE;145;1995;1995;Science-fiction, Thriller;États-Unis;
1056;Kathryn Bigelow;Zero Dark Thirty;Zero Dark Thirty;Film;FALSE;FALSE;157;2012;2012;Guerre, Thriller;États-Unis;
1057;Ken Annakin & Darryl F. Zanuck;Le Jour le plus long;The Longest Day;Film;FALSE;FALSE;178;1962;1962;Guerre, Historique;États-Unis;
1058;Ken Hughes;Cromwell;Cromwell;Film;FALSE;FALSE;139;1970;1970;Historique, Biopic, Drame;Royaume-Uni;
1059;Ken Loach;Jimmy's Hall;Jimmy's Hall;Film;FALSE;FALSE;109;2014;2014;Drame, Historique;Royaume-Uni, Irlande, France, Belgique;
1060;Ken Loach;Just a Kiss;Ae Fond Kiss...;Film;FALSE;FALSE;104;2004;2004;Drame, Romance;Royaume-Uni, Belgique, Allemagne, Italie, Espagne;
1061;Ken Loach;Le vent se lève;The Wind That Shakes the Barley;Film;FALSE;FALSE;127;2006;2006;Drame, Guerre;Royaume-Uni, Irlande;
1062;Ken Loach;Moi, Daniel Blake;I, Daniel Blake;Film;FALSE;FALSE;100;2016;2016;Royaume-Uni;Royaume-Uni, France, Belgique;
1063;Ken Loach;Raining Stones;Raining Stones;Film;FALSE;FALSE;90;1993;1993;Comédie dramatique;Royaume-Uni;
1064;Ken Loach;The Old Oak;The Old Oak;Film;FALSE;FALSE;113;2023;2023;Drame;Royaume-Uni, France, Belgique;
1065;Kenneth Branagh;Beaucoup de bruit pour rien;Much Ado About Nothing;Film;FALSE;FALSE;111;1993;1993;Comédie romantique;Royaume-Uni, États-Unis;
1066;Kenneth Branagh;Henry V;Henry V;Film;FALSE;FALSE;137;1989;1989;Historique, Guerre, Drame;Royaume-Uni, États-Unis;
1067;Kenneth Branagh;La flûte enchantée;The Magic Flute;Film;FALSE;FALSE;135;2006;2006;Fantastique, Comédie musicale;Royaume-Uni, France, Allemagne;
1068;Kent Jones;Hitchcock / Truffaut;Hitchcock / Truffaut;Documentaire;FALSE;FALSE;80;2015;2015;Documentaire;Etats-Unis, France;
1069;Kerry Conran;Capitaine Sky et le monde de demain;Sky Captain and the World of Tomorrow;Film;FALSE;FALSE;106;2004;2004;Science-fiction, Aventure;États-Unis;
1070;Kerry Conran;Sky Captain and the World of Tomorrow (2 DVD);Sky Captain and the World of Tomorrow (2 DVD);Film;FALSE;FALSE;107;2004;2004;Science-fiction, Aventure;États-Unis;
1071;Kevin Brownlow & David Gill;D.W. Griffith, Father of Film episode 1;D.W. Griffith, Father of Film;Documentaire TV;FALSE;FALSE;60;1993;1993;Royaume-Uni;Etats-Unis;
1072;Kevin Brownlow & David Gill;D.W. Griffith, Father of Film episode 2;D.W. Griffith, Father of Film;Documentaire TV;FALSE;FALSE;60;1993;1993;Royaume-Uni;Etats-Unis;
1073;Kevin Brownlow & David Gill;D.W. Griffith, Father of Film episode 3;D.W. Griffith, Father of Film;Documentaire TV;FALSE;FALSE;60;1993;1993;Royaume-Uni;Etats-Unis;
1074;Kevin Costner;Dance avec les loups;Dance avec les loups;Film;FALSE;FALSE;181;1990;1990;Western, Drame, Aventure;États-Unis;
1075;Kevin Costner;Open Range;Open Range;Film;FALSE;FALSE;139;2003;2003;Western;États-Unis;
1076;Kevin MacDonald;L'Aigle de la Neuvième Légion / The Eagle;L'Aigle de la Neuvième Légion / The Eagle;Film;FALSE;FALSE;114;2011;2011;Action, Aventure, Historique;Royaume-Uni, Hongrie, États-Unis;
1077;Kevin MacDonald;Le Dernier Roi d'Ecosse;The Last King of Scotland;Film;FALSE;FALSE;123;2006;2006;Biopic, Drame;Royaume-Uni, Allemagne;
1078;Kevin Reynolds;La Bête de guerre;La Bête de guerre;Film;FALSE;FALSE;100;1988;1988;Guerre, Drame;Etats-Unis;
1079;Kim Moon-Saeng;Wonderful Days;Wonderful Days;Long-métrage d'animation;FALSE;FALSE;90;2003;2003;Animation, Science-fiction;Corée du Sud;
1080;King Crimson;In the Court of the Crimson King (DVD);In the Court of the Crimson King (DVD);Documentaire musical;FALSE;FALSE;90;;1974 / 2004;Documentaire, Musique;Royaume-Uni;
1081;King Crimson;Lizard (DVD);Lizard (DVD);Documentaire TV;FALSE;FALSE;44;;1969 / 2009;Documentaire, Musique;Royaume-Uni;
1082;King Crimson;Red (DVD);Red (DVD);Documentaire musical;FALSE;FALSE;60;;1969 / 2009;Documentaire, Musique;Royaume-Uni;
1083;Kirill Mikhanovsky;Give me Liberty;Give me Liberty;Film;FALSE;FALSE;93;2019;2019;Comédie dramatique;Etats-Unis;
1084;Kleber Mendonça Filho;L'Agent secret;O Agente Secreto;Film;FALSE;FALSE;159;2025;2025;Drame, Policier, Thriller;Brésil, France, Pays-Bas, Allemagne;
1085;Kristen Stewart;The Chronology of Water;The Chronology of Water;Film;FALSE;FALSE;127;2025;2025;Drame;Etats-Unis, France, Lettonie;
1086;Kristina Buozyte & Bruno Samper;Vesper Chronicles;Vesper Chronicles;Film;FALSE;FALSE;97;2022;2022;Science-fiction;Lituanie, Royaume-Uni, Belgique, France;
1087;Krzysztof Kieslowski;Brève histoire d'amour;Krotki film o milosci;Film;FALSE;FALSE;87;1989;1989;Comédie dramatique;Pologne;
1088;Krzysztof Kieslowski;La double vie de Véronique;La double vie de Véronique;Film;FALSE;FALSE;97;1991;1991;Drame, Fantastique, Romance;France, Pologne, Norvège;
1089;Ladj Ly;Les Misérables;Les Misérables;Film;FALSE;FALSE;104;2019;2019;Drame;France;
1090;Larry Charles;Borat : Leçons culturelles sur l'Amérique pour profit glorieuse nation Kazakhstan;Borat: Cultural Learnings of America for Make Benefit Glorious Nation of Kazakhstan;Film;FALSE;FALSE;84;2006;2006;Comédie, Mockumentaire;États-Unis, Royaume-Uni;
1091;Lars von Trier;Breaking the Waves;Breaking the Waves;Film;FALSE;FALSE;159;1996;1996;Drame;Danemark, Suède, France, Pays-Bas, Norvège;
1092;Lars von Trier;Dancer in the Dark;Dancer in the Dark;Film;FALSE;FALSE;140;2000;2000;Drame, Musical;Danemark, Suède, France, Allemagne, Pays-Bas, Norvège, Islande, Finlande, Royaume-Uni;
1093;Lars von Trier;Dogville;Dogville;Film;FALSE;FALSE;178;2003;2003;Drame;Danemark, Suède, Norvège, Finlande, Pays-Bas, Allemagne, France, Royaume-Uni;
1094;Lars von Trier;Europa;Europa;Film;FALSE;TRUE;108;1991;1991;Drame, Fantastique;Danemark, France, Allemagne, Suède;
1095;Lars von Trier;Melancholia;Melancholia;Film;FALSE;FALSE;135;2011;2011;Science-fiction, Drame;Danemark, Allemagne, France, Suède;
1096;Lasse Hallstram;Le chocolat;Chocolat;Film;FALSE;FALSE;121;2000;2000;Comédie dramatique, Romance;États-Unis, Royaume-Uni;
1097;Laszlo Nemes;Son of Saul;Son of Saul;Film;FALSE;FALSE;107;2015;2015;Drame, Guerre;Hongrie;
1098;Laurent Firode;Le battement d'ailes du papillon;Le battement d'ailes du papillon;Film;FALSE;FALSE;97;2000;2000;Comédie romantique;France;
1099;Lawrence Kasanoff;Beowulf;Beowulf;Film;FALSE;FALSE;95;1998;1998;Fantastique, Action;États-Unis;
1100;Lawrence Kasdan;La fièvre au corps;Body Heat;Film;FALSE;FALSE;113;1981;1981;Thriller érotique, Policier;États-Unis;
1101;Lawrence Kasdan;Silverado;Silverado;Film;FALSE;FALSE;133;1985;1985;Western;États-Unis;
1102;Lea Glob;Apolonia, Apolonia;Apolonia, Apolonia;Documentaire;FALSE;FALSE;90;2024;2024;Documentaire;Danemark, Pologne, France;
1103;Lee Chang-Dong;Poetry;Si;Film;FALSE;FALSE;139;2010;2010;Drame;Corée du Sud;
1104;Lee Isaac Chung;Twisters;Twisters;Film;FALSE;FALSE;122;2024;2024;Action, Catastrophe;Etats-Unis;
1105;Lee Tamahori;James Bond 007 -20 Meurs un autre jour;Die Another Day;Film;FALSE;FALSE;133;2002;2002;Action, Espionnage;Royaume-Uni, États-Unis;
1106;Lee Thompson; J.;Le désert de la peur;Ice Cold in Alex;Film;FALSE;TRUE;130;1958;1958;Drame, Aventure, Guerre;Royaume-Uni
1107;Lee Unkrich;Toy Story 3;Toy Story 3;Long-métrage d'animation;FALSE;FALSE;103;2010;2010;Animation, Comédie;États-Unis;
1108;Leila Conners;Nadia Conners;La 11ème heure - Le dernier virage;The 11th Hour;Film;FALSE;FALSE;95;2007;2007;Documentaire, Écologie;États-Unis
1109;Len Wiseman;Die Hard 4 / Retour en enfer;Die Hard 4;Film;FALSE;FALSE;129;2007;2007;Action;États-Unis;
1110;Len Wiseman;Underworld;Underworld;Film;FALSE;FALSE;121;2003;2003;Fantastique, Action;États-Unis, Royaume-Uni, Allemagne, Hongrie;
1111;Leni Riefenstahl;La Lumière bleue;Das Blaue Licht;Film;TRUE;TRUE;80;1932;1932;Drame;Allemagne;
1112;Leni Riefenstahl;Le Triomphe de la volonté;Triumph des Willens;Documentaire;FALSE;TRUE;110;1935;1935;Documentaire, Historique;Allemagne;
1113;Leni Riefenstahl;Les Dieux du stade;Olympia;Documentaire;FALSE;TRUE;100;1936;1936;Documentaire, Sport;Allemagne;
1114;Leni Riefenstahl;Tiefland;Tiefland;Film;FALSE;TRUE;100;1954;1954;Allemagne de l'Ouest;Autriche, Allemagne;
1115;Leos Carax;Annette;Annette;Film;FALSE;FALSE;140;2021;2021;Drame, Comédie musicale, Romance;France;
1116;Leos Carax;Les amants du Pont-Neuf;Les amants du Pont-Neuf;Film;FALSE;FALSE;125;1991;1991;Drame, Romance;France;
1117;Leos Carax;Mauvais sang;Mauvais sang;Film;FALSE;FALSE;116;1986;1986;Policier, Drame, Thriller;France;
1118;Lew Landers;Inner Sanctum;Inner Sanctum;Film;FALSE;TRUE;62;1948;1948;Policier, Fantastique;Etats-Unis;
1119;Lewis Gilbert;Coulez le Bismarck;Sink the Bismarck!;Film;FALSE;TRUE;97;1960;1960;Guerre, Drame;Etats-Unis, Royaume-Uni;
1120;Lewis Gilbert;James Bond 007 -05 On ne vit que deux fois;You Only Live Twice;Film;FALSE;FALSE;117;1967;1967;Action, Espionnage;Royaume-Uni;
1121;Lewis Gilbert;James Bond 007 -10 L'espion qui m'aimait;The Spy Who Loved Me;Film;FALSE;FALSE;125;1977;1977;Action, Espionnage;Royaume-Uni, États-Unis;
1122;Lewis Gilbert;James Bond 007 -11 Moonraker;Moonraker;Film;FALSE;FALSE;126;1979;1979;Action, Espionnage;Royaume-Uni, États-Unis;
1123;Lewis Teague;Le Diamant du Nil;The Jewel of the Nile;Film;FALSE;FALSE;104;1985;1985;Aventure, Comédie;États-Unis;
1124;Liliana Cavani;Portier de nuit;Il portiere di notte;Film;FALSE;FALSE;115;1974;1974;Guerre, Drame;Italie, Allemagne de l'Ouest;
1125;Lindsay Anderson;If....;If....;Film;FALSE;TRUE;111;1968;1968;Drame;Royaume-Uni;
1126;Louis Lumière;La sortie de l'usine Lumière à Lyon;La sortie de l'usine Lumière à Lyon;Court-métrage;TRUE;TRUE;1;1895;1895;Muet;France;
1127;Louis Malle;Ascenseur pour l'échafaud;Ascenseur pour l'échafaud;Film;FALSE;TRUE;92;1958;1958;France, Italie;France;
1128;Luc Béraud & Olivier Curchot;Garde à vue - Suppléments: Histoire d'un succès;Garde à vue - Suppléments: Histoire d'un succès;Court-métrage documentaire;FALSE;FALSE;25;2016;2016;France;France;
1129;Luc Besson;Arthur et les Minimoys;Arthur et les Minimoys;Long-métrage d'animation;FALSE;FALSE;94;2006;2006;Animation, Fantasy, Famille;France;
1130;Luc Besson;Jeanne d'Arc;Joan of Arc;Film;FALSE;FALSE;158;1999;1999;Historique, Biopic, Guerre;France, États-Unis, Royaume-Uni, Italie, Tchéquie;
1131;Luc Besson;Le Cinquième élément;The Fifth Element;Film;FALSE;FALSE;126;1997;1997;Science-fiction, Action;France;
1132;Luc Besson;Le Grand Bleu;Le grand bleu;Film;FALSE;FALSE;168;1988;1988;Aventure, Drame;France, Italie;
1133;Luc Besson;Léon;Léon;Film;FALSE;FALSE;110;1994;1994;Action, Policier, Drame;France;
1134;Luc Besson;Lucy;Lucy;Film;FALSE;FALSE;89;2014;2014;Science-fiction, Action;France;
1135;Luc Besson;Nikita;Nikita;Film;FALSE;FALSE;117;1990;1990;Action, Thriller;France;
1136;Luc Besson;Subway;Subway;Film;FALSE;FALSE;104;1985;1985;Thriller, Action;France;
1137;Luc Besson;Valérian et la Cité des mille planètes;Valérian et la Cité des mille planètes;Film;FALSE;FALSE;137;2017;2017;Science-fiction, Aventure;France;
1138;Luca Guadagnino;Amore;Io sono l'amore;Film;FALSE;FALSE;120;2009;2009;Drame;Italie;
1139;Luca Guadagnino;Suspiria;Suspiria;Film;FALSE;FALSE;152;2018;2018;Épouvante - Horreur;Italie, Etats-Unis;
1140;Lucas Belvaux;Des hommes;Des hommes;Film;FALSE;FALSE;101;2020;2020;Drame;France, Belgique;
1141;Luchino Visconti;Le Guépard;Il gattopardo;Film;FALSE;FALSE;185;1963;1963;Drame, Historique;France, Italie;
1142;Luchino Visconti;Les Damnés;La caduta degli dei;Film;FALSE;FALSE;155;1969;1969;Italie, Allemagne de l'Ouest, France;Italie, République Fédérale d'Allemagne;
1143;Luchino Visconti;Ludwig ou le crépuscule des dieux;Ludwig;Film;FALSE;FALSE;237;1973;1973;Historique, Drame, Biopic;Italie, France, Allemagne de l'Ouest;
1144;Luchino Visconti;Mort à Venise;Morte a Venezia;Film;FALSE;FALSE;130;1971;1971;Drame;Italie, France;
1145;Luchino Visconti;Senso;Senso;Film;FALSE;FALSE;125;1954;1954;Drame;Italie, France;
1146;Lucie Borleteau;Chanson douce;Chanson douce;Film;FALSE;FALSE;100;2019;2019;Thriller, Drame;France;
1147;Luigi Comencini;Fernandel 5 Don Camillo en Russie;Fernandel 5 Don Camillo en Russie;Film;FALSE;FALSE;100;1965;1965;Comédie;France, Italie;
1148;M. Night Shyamalan;Incassable;Unbreakable;Film;FALSE;FALSE;106;2000;2000;Thriller, Fantastique;États-Unis;
1149;M. Night Shyamalan;La Jeune Fille de l'eau;Lady in the Water;Film;FALSE;FALSE;110;2006;2006;Fantastique, Drame;États-Unis;
1150;M. Night Shyamalan;Le Village;The Village;Film;FALSE;FALSE;108;2004;2004;Fantastique, Thriller;États-Unis;
1151;M. Night Shyamalan;Phénomènes;The Happening;Film;FALSE;FALSE;110;2008;2008;Épouvante - Horreur, Thriller;États-Unis;
1152;M. Night Shyamalan;Signes;Signs;Film;FALSE;FALSE;106;2002;2002;Science-fiction, Drame;États-Unis;
1153;M. Night Shyamalan;Trap;Trap;Film;FALSE;FALSE;105;2024;2024;Thriller;Etats-Unis;
1154;Mabrouk el Mechri;JCVD;JCVD;Film;FALSE;FALSE;96;2008;2008;Comédie, Action;Belgique, France, Luxembourg;
1155;Maïwenn;Polisse;Polisse;Film;FALSE;FALSE;127;2011;2011;Policier, Drame;France;
1156;Mamoru Oshii;Avalon;Avalon;Film;FALSE;FALSE;106;2001;2001;Fantastique, Thriller, Drame, Science-fiction;États-Unis, France, Japon, Pologne;
1157;Mamoru Oshii;Ghost in the Shell;Ghost in the Shell;Long-métrage d'animation;FALSE;FALSE;83;1995;1995;Animation, Science-fiction;Japon;
1158;Man Ray;Emak-Bakia;Emak-Bakia;Court-métrage;TRUE;TRUE;20;1926;1926;Expérimental, Muet;France;
1159;Man Ray;Le retour à la raison;Le retour à la raison;Court-métrage;TRUE;TRUE;3;1923;1923;Expérimental, Muet;France;
1160;Man Ray;Les Mystères du Château de Dé;Les Mystères du Château de Dé;Court-métrage documentaire;TRUE;TRUE;26;1929;1929;Expérimental, Muet;France;
1161;Man Ray;L'étoile de mer;L'étoile de mer;Court-métrage;TRUE;TRUE;18;1928;1928;Romance, Expérimental, Muet;France;
1162;Manu Coeman;Love Meat Ender;Love Meat Ender;Film;FALSE;FALSE;90;2011;2011;Comédie dramatique;Belgique;
1163;Marc Caro & Jean-Pierre Jeunet;Delicatessen;Delicatessen;Film;FALSE;FALSE;99;1991;1991;Comédie noire, Fantastique;France;
1164;Marc Caro & Jean-Pierre Jeunet;La Cité des enfants perdus;La cité des enfants perdus;Film;FALSE;FALSE;112;1995;1995;Fantastique, Aventure;France, Allemagne, Espagne;
1165;Marc Cousins;Dans les yeux d'Orson Welles;The Eyes of Orson Welles;Documentaire;FALSE;FALSE;115;2018;2018;Documentaire, Cinéma;Royaume-Uni;
1166;Marc Forster;James Bond 007 -22 Quantum of Solace;Quantum of Solace;Film;FALSE;FALSE;106;2008;2008;Action, Espionnage;Royaume-Uni, États-Unis;
1167;Marc Forster;Neverland;Neverland;Film;FALSE;FALSE;101;2004;2004;Fantastique, Biopic, Drame;États-Unis;
1168;Marc Forster;Quantum of Solace;Quantum of Solace;Film;FALSE;FALSE;106;2008;2008;Action, Espionnage;Royaume-Uni, États-Unis;
1169;Marc Lawrence;L'amour sans préavis;Two Weeks Notice;Film;FALSE;FALSE;101;2002;2002;Comédie romantique;États-Unis;
1170;Marcel Carné;Hôtel du Nord;Hôtel du Nord;Film;FALSE;TRUE;95;1938;1938;Drame, Romance;France;
1171;Marcel Carné;Le jour se lève;Le jour se lève;Film;FALSE;TRUE;93;1939;1939;Drame;France;
1172;Marcel Carné;Le quai des brumes;Le quai des brumes;Film;FALSE;TRUE;91;1938;1938;Drame, Romance;France;
1173;Marcel Carné;Les enfants du paradis;Les enfants du paradis;Film;FALSE;TRUE;190;1945;1945;Drame, Romance;France;
1174;Marcel Carné;Les visiteurs du soir;Les visiteurs du soir;Film;FALSE;TRUE;123;1942;1942;Fantastique, Drame;France;
1175;Marcel Duchamp;Anemic cinema;Anemic cinema;Court-métrage;TRUE;TRUE;7;1926;1926;Expérimental, Muet;France;
1176;Marcel L'Herbier;L'affaire du collier de la Reine;L'affaire du collier de la Reine;Film;FALSE;TRUE;95;1946;1946;Historique, Drame;France;
1177;Marcel L'Herbier;L'inhumaine;L'inhumaine;Film;TRUE;TRUE;135;1924;1924;Science-fiction, Drame;France;
1178;Marcel Pagnol;Manon des sources;Manon des sources;Film;FALSE;TRUE;115;1952;1952;Drame;France;
1179;Marcel Pagnol;Ugolin;Ugolin;Film;FALSE;TRUE;95;1952;1952;Drame;France;
1180;Marco Bellochio;Buongiorno, notte;Buongiorno, notte;Film;FALSE;FALSE;105;2003;2003;Drame, Historique;Italie;
1181;Marco Tullio Giordana;Les cent pas;I cento passi;Film;FALSE;FALSE;114;2000;2000;Drame, Biopic;Italie;
1182;Marco Tullio Giordana;Nos meilleures années;La Meglio joventu;Film;FALSE;FALSE;207;2003;2003;Drame;Italie;
1183;Marcus Nispel;Pathfinder. Le sang du guerrier;Pathfinder. Le sang du guerrier;Film;FALSE;FALSE;98;2008;2008;Fantasy, Aventure;États-Unis;
1184;Margarethe von Trotta;Hannah Arendt;Hannah Arendt;Film;FALSE;FALSE;113;2013;2013;Biopic, Drame;Allemagne, Luxembourg, France;
1185;Marguerite Duras;Détruire, dit-elle;Détruire, dit-elle;Film;FALSE;TRUE;94;1969;1969;Drame;France;
1186;Marianne Elliott;The Salt Path;The Salt Path;Film;FALSE;FALSE;115;2025;2025;Drame;Royaume-Uni;
1187;Marie De Medeiros & Frédéric Sojcher;HH, Hitler à Hollywood;HH, Hitler à Hollywood;Film;FALSE;FALSE;87;2011;2011;Comédie;Belgique, France;
1188;Mark Robson;Tremblement de terre;Earthquake;Film;FALSE;FALSE;123;1974;1974;Catastrophe, Drame;États-Unis;
1189;Mark Sandrich;La Joyeuse Divorcée;The Gay Divorcee;Film;FALSE;TRUE;107;1934;1934;Comédie musicale, Romance;États-Unis;
1190;Martin Bourboulon;Les Trois Mousquetaires : D'Artagnan;Les Trois Mousquetaires : D'Artagnan;Film;FALSE;FALSE;121;2023;2023;Historique, Aventure, Action;France;
1191;Martin Bourboulon;Les Trois Mousquetaires : Milady;Les Trois Mousquetaires : Milady;Film;FALSE;FALSE;115;2023;2023;Historique, Aventure, Action;France;
1192;Martin Campbell;James Bond 007 -17 Goldeneye;GoldenEye;Film;FALSE;FALSE;130;1995;1995;Action, Espionnage;Royaume-Uni, États-Unis;
1193;Martin Campbell;James Bond 007 -21 Casino Royale;Casino Royale;Film;FALSE;FALSE;144;2006;2006;Action, Espionnage;Royaume-Uni, États-Unis;
1194;Martin McDonagh;Bons Baisers de Bruges;In Bruges;Film;FALSE;FALSE;107;2008;2008;Comédie noire, Policier, Drame;Royaume-Uni, Belgique;
1195;Martin Ritt;Traître sur commande (The Molly Maguires);Traître sur commande (The Molly Maguires);Film;FALSE;FALSE;124;1970;1970;Drame, Historique;États-Unis;
1196;Martin Scorsese;Aviator;The Aviator;Film;FALSE;FALSE;170;2004;2004;Biopic, Drame;Etats-Unis, Allemagne;
1197;Martin Scorsese;Bob Dylan : No Direction Hme;No Direction Home: Bob Dylan;Documentaire;FALSE;FALSE;208;2005;2005;Biopic;Etats-Unis, Royaume-Uni;
1198;Martin Scorsese;Casino;Casino;Film;FALSE;FALSE;178;1995;1995;Biopic, Drame, Gangster;Etats-Unis;
1199;Martin Scorsese;Gangs of New York;Gangs of New York;Film;FALSE;FALSE;167;2002;2002;Drame, Historique;Etats-Unis, Italie;
1200;Martin Scorsese;Killers of the Flower Moon;Killers of the Flower Moon;Film;FALSE;FALSE;206;2023;2023;Drame, Policier, Thriller, Western, Historique;Etats-Unis;
1201;Martin Scorsese;Kundun;Kundun;Film;FALSE;FALSE;134;1997;1997;Historique;Etats-Unis;
1202;Martin Scorsese;Le Loup de Wall Street;The Wolf of Wall Street;Film;FALSE;FALSE;205;2013;2013;Biopic, Comédie dramatique, Policier;Etats-Unis;
1203;Martin Scorsese;Les Affranchis;GoodFellas;Film;FALSE;FALSE;146;1990;1990;Gangster, Biopic;Etats-Unis;
1204;Martin Scorsese;Les Infiltrés;The Departed;Film;FALSE;FALSE;151;2006;2006;Gangster, Thriller, Policier, Drame;États-Unis, Hong Kong;
1205;Martin Scorsese;Les Nerfs à vif;Cape Fear;Film;FALSE;FALSE;128;1991;1991;Thriller, Épouvante-Horreur;Etats-Unis;
1206;Martin Scorsese;New York, New York;New York, New York (2 DVDs);Film;FALSE;FALSE;155;1977;1977;Comédie dramatique, Musique;Etats-Unis;
1207;Martin Scorsese;Raging Bull;Raging Bull;Film;FALSE;FALSE;129;1980;1980;Biopic, Drame, Sport;Etats-Unis;
1208;Martin Scorsese;Shutter Island;Shutter Island;Film;FALSE;FALSE;138;2010;2010;Thriller;Etats-Unis;
1209;Martin Scorsese;Taxi Driver;Taxi Driver;Film;FALSE;FALSE;113;1976;1976;Drame, Policier;Etats-Unis;
1210;Martin Scorsese;Un voyage avec Martin Scorsese à travers le cinéma américain;A Personal Journey With Martin Scorsese Through American Movies;Documentaire;FALSE;FALSE;225;1995;1995;Cinéma;États-Unis, Royaume-Uni, France;
1211;Martina Kudlacek;In the Mirror of Maya Deren;Im Spiegel der Maya Deren;Documentaire;FALSE;FALSE;103;2004;2004;Documentaire;Allemagne;
1212;Mat Whitecross;The Sound of 007;The Sound of 007;Documentaire;FALSE;FALSE;93;2022;2022;Documentaire, Musique, Cinéma;Royaume-Uni;
1213;Matt Groening;The Simpsons Classics;The Simpsons Classics;Long-métrage d'animation;FALSE;FALSE;58;2004;2004;Animation, Comédie;États-Unis;
1214;Matt Reeves;Cloverfield;Cloverfield;Film;FALSE;FALSE;85;2008;2008;Science-fiction, Horreur;États-Unis;
1215;Matt Reeves;La Planète des singes - L'Affrontement;La Planète des singes - L'Affrontement;Film;FALSE;FALSE;130;2014;2014;Science-fiction, Action;Etats-Unis;
1216;Matt Reeves;La Planète des singes - Suprématie;La Planète des singes - Suprématie;Film;FALSE;FALSE;140;2017;2017;Science-fiction, Action;Etats-Unis;
1217;Matteo Garrone;Moi Capitaine;Io Capitano;Film;FALSE;FALSE;93;2024;2024;Drame;Italie, Belgique, France;
1218;Matthijs van Heijningen Jr;The Thing;The Thing;Film;FALSE;FALSE;103;2011;2011;Science-fiction, Horreur;Etats-Unis, Canada;
1219;Max Ophüls;Lola Montès;Lola Montès;Film;FALSE;FALSE;110;1955;1955;Drame;France;
1220;Maya Deren;A Study in Choreography for Camera;A Study in Choreography for Camera;Court-métrage;TRUE;TRUE;2;1945;1945;Expérimental, Muet;Etats-Unis;
1221;Maya Deren;At Land;At Land;Court-métrage;TRUE;TRUE;14;1944;1944;Expérimental, Muet;Etats-Unis;
1222;Maya Deren;Ritual in Transfigured Time;Ritual in Transfigured Time;Court-métrage;TRUE;TRUE;13;1946;1946;Expérimental;Etats-Unis;
1223;Maya Deren;Witch's Cradle;Witch's Cradle;Court-métrage;TRUE;TRUE;12;1943;1943;Fantastique, Expérimental;Etats-Unis;
1224;Maya Deren & Alexander Hammid;Meshes of the Afternoon;Meshes of the Afternoon;Court-métrage;TRUE;TRUE;14;1943;1943;Fantastique;Etats-Unis;
1225;McG;Charlie et ses drôles de dames;Charlie's Angels;Film;FALSE;FALSE;98;2000;2000;Action, Comédie;États-Unis, Allemagne;
1226;McG;Charlie's Angels : Les Anges se déchaînent !;Charlie's Angels: Full Throttle;Film;FALSE;FALSE;106;2003;2003;Action, Comédie;États-Unis, Allemagne;
1227;McG;Terminator Renaissance;Terminator Salvation;Film;FALSE;FALSE;115;2009;2009;Science-fiction, Action;États-Unis;
1228;Mel Gibson;Braveheart;Braveheart;Film;FALSE;FALSE;178;1995;1995;Historique, Guerre, Drame;États-Unis;
1229;Melville Shavelson;C'est arrivé à Naples;It Started in Naples;Film;FALSE;FALSE;100;1960;1960;Comédie romantique;États-Unis;
1230;Merian C. Cooper & Ernest B. Schoedsack;King Kong;King Kong;Film;FALSE;TRUE;100;1933;1933;Aventure, Fantastique, Horreur;États-Unis;
1231;Mervyn LeRoy & Anthony Mann;Quo Vadis;Quo Vadis;Film;FALSE;FALSE;171;1951;1951;Historique, Péplum, Drame;États-Unis;
1232;Michael Anderson;L'Âge de cristal;Logan's Run;Film;FALSE;FALSE;120;1976;1976;Science-fiction, Dystopie;États-Unis;
1233;Michael Anderson;Le tour du monde en 80 jours;Around the World in Eighty Days;Film;FALSE;FALSE;175;1956;1956;Aventure, Comédie;États-Unis;
1234;Michael Apted;James Bond 007 -19 Le monde ne suffit pas;The World is Not Enough;Film;FALSE;FALSE;128;1999;1999;Action, Espionnage;Royaume-Uni, États-Unis;
1235;Michael Apted;Le monde ne suffit pas;The World is Not Enough;Film;FALSE;FALSE;128;1999;1999;Action, Espionnage;Royaume-Uni, États-Unis;
1236;Michael Apted;Nell;Nell;Film;FALSE;FALSE;113;1994;1994;Drame;États-Unis;
1237;Michael Bay;Armageddon;Armageddon;Film;FALSE;FALSE;151;1998;1998;Action, Science-fiction, Aventure;États-Unis;
1238;Michael Bay;Pearl Harbor;Pearl Harbor;Film;FALSE;FALSE;183;2001;2001;Guerre, Drame;États-Unis;
1239;Michael Bay;Rock;The Rock;Film;FALSE;FALSE;136;1996;1996;Action, Thriller;États-Unis;
1240;Michael Bay;The Island;The Island;Film;FALSE;FALSE;136;2005;2005;Science-fiction, Action;États-Unis;
1241;Michael Bay;Transformers;Transformers;Film;FALSE;FALSE;144;2007;2007;Science-fiction, Action;États-Unis;
1242;Michael Bay;Transformers 2 : La Revanche;Transformers: Revenge of the Fallen;Film;FALSE;FALSE;150;2009;2009;Science-fiction, Action;États-Unis;
1243;Michael Bay;Transformers 3. Age of Extinction;Transformers 3. Age of Extinction;Film;FALSE;FALSE;165;2014;2014;Science-fiction, Action;États-Unis;
1244;Michael Cacoyannis;Zorba le grec;Alexis Zorbas;Film;FALSE;FALSE;142;1964;1964;Comédie dramatique;Grèce;
1245;Michael Cimino;La Porte du paradis;Heaven's Gate;Film;FALSE;FALSE;219;1980;1980;Western, Drame;Etats-Unis;
1246;Michael Cimino;L'année du dragon;Year of the Dragon;Film;FALSE;FALSE;134;1985;1985;Policier, Drame;États-Unis;
1247;Michael Crichton;Mondwest;Westworld;Film;FALSE;FALSE;88;1973;1973;Science-fiction, Western;États-Unis;
1248;Michael Curtiz;Casablanca;Casablanca;Film;FALSE;TRUE;102;1942;1942;Drame, Romance, Guerre;États-Unis;
1249;Michael Curtiz;Le roman de Mildred Pierce;Mildred Pierce;Film;FALSE;TRUE;109;1945;1945;Drame, Film noir;États-Unis;
1250;Michael Curtiz & William Keighley;Les aventures de Robin des Bois;The Adventures of Robin Hood;Film;FALSE;TRUE;102;1938;1938;Aventure, Cape et épée;États-Unis;
1251;Michael Engler;Downtown Abbey;Downtown Abbey;Film;FALSE;FALSE;122;2019;2019;Royaume-Uni;Royaume-Uni;
1252;Michael Hanneke;Le ruban blanc;Das weiße Band;Film;FALSE;TRUE;144;2009;2009;Drame;Allemagne, Autriche, France, Italie;
1253;Michael Hoffman;Le Songe d'une nuit d'été;A Midsummer Night's Dream;Film;FALSE;FALSE;116;1999;1999;Comédie, Fantastique, Romance;États-Unis;
1254;Michael J. Straczynski;Underworld Awakening;Underworld Awakening;Film;FALSE;FALSE;88;2012;2012;Fantastique, Action;États-Unis;
1255;Michael Mann;Collateral;Collateral;Film;FALSE;FALSE;120;2004;2004;Thriller, Policier;États-Unis;
1256;Michael Mann;Le Dernier des Mohicans;The Last of the Mohicans;Film;FALSE;FALSE;112;1992;1992;Aventure, Drame, Historique;États-Unis;
1257;Michael Mann;Public Enemies;Public Enemies;Film;FALSE;FALSE;140;2009;2009;Policier, Drame;États-Unis;
1258;Michael Moore;Bowling for Columbine;Bowling for Columbine;Film;FALSE;FALSE;120;2002;2002;Documentaire;États-Unis, Canada, Allemagne;
1259;Michael Moore;Fahrenheit 9/11;Fahrenheit 9/11;Film;FALSE;FALSE;122;2004;2004;Documentaire;États-Unis;
1260;Michael Moore;Sicko;Sicko;Film;FALSE;FALSE;123;2007;2007;Documentaire;États-Unis;
1261;Michael Petroni;Les Revenants;Backtrack;Film;FALSE;FALSE;90;2015;2015;Thriller;Australie;
1262;Michael Radford;1984;Nineteen Eighty-Four;Film;FALSE;FALSE;113;1984;1984;Drame, Politique;Royaume-Uni;
1263;Michael Rymer;Galactica (Battlestar), le film;Galactica (Battlestar), le film;Film;FALSE;FALSE;93;2003;2003;Science-fiction, Action;États-Unis;
1264;Michael Sarnoski;Sans un bruit - Jour 1;A Quiet Place: Day One;Film;FALSE;FALSE;100;2024;2024;Épouvante - Horreur;Etats-Unis;
1265;Michael Spierig & Peter Spierig;Prédestination;Predestination;Film;FALSE;FALSE;98;2014;2014;Science-fiction, Thriller;Australie;
1266;Michael Wadleigh;Woodstock : 3 days of peace and music / Director's cut;Woodstock;Documentaire musical;FALSE;FALSE;184;1970;1970;Historique, Musique;Etats-Unis;
1267;Michel Gondry;Eternal Sunshine of the Spotless Mind;Eternal Sunshine of the Spotless Mind;Film;FALSE;FALSE;108;2004;2004;Romance, Science-fiction;Etats-Unis;
1268;Michel Gondry;L'écume des jours;L'écume des jours;Film;FALSE;FALSE;125;2013;2013;Comédie dramatique, Fantastique, Romance;France, Belgique;
1269;Michel Hazanavicus;The Artist;The Artist;Film;TRUE;TRUE;100;2011;2011;Comédie dramatique, Romance;France, Belgique;
1270;Michel Ocelot & Raymond Burlet;Kirikou et la Sorcière;Kirikou et la sorcière;Long-métrage d'animation;FALSE;FALSE;74;1998;1998;Animation, Fantastique, Aventure;France, Belgique, Luxembourg;
1271;Michel Spinosa;Anna M.;Anna M.;Film;FALSE;FALSE;106;2007;2007;Drame, Thriller psychologique;France;
1272;Michelangelo Antonioni;Blow-Up;Blow-Up;Film;FALSE;FALSE;111;1966;1966;Drame, Mystère;Royaume-Uni, Italie;
1273;Michelangelo Antonioni;La Nuit;La Notte;Film;FALSE;TRUE;122;1961;1961;Italie, France;Italie, France;
1274;Michelangelo Antonioni;L'Avventura;L'Avventura;Film;FALSE;TRUE;143;1960;1960;Drame;Italie, France;
1275;Michelangelo Antonioni;Le Cri;Le Cri;Film;FALSE;TRUE;116;1957;1957;Drame;Italie, France;
1276;Michele Placido;Romanzo criminale;Romanzo criminale;Film;FALSE;FALSE;150;2005;2005;Policier, Drame;Italie;
1277;Michiel Blanchart;La nuit se traîne;La nuit se traîne;Film;FALSE;FALSE;95;2024;2024;Belgique, France;Belgique, France;
1278;Mike Newell;4 mariages et 1 enterrement;Four Weddings and a Funeral;Film;FALSE;FALSE;117;1994;1994;Comédie romantique;Royaume-Uni;
1279;Mike Newell;Harry Potter 4 La coupe de feu;Harry Potter and the Goblet of Fire;Film;FALSE;FALSE;157;2005;2005;Fantasy, Aventure, Famille;Royaume-Uni, États-Unis;
1280;Mike Nichols;Qui a peur de Virginia Woolf?;Who's Afraid of Virginia Woolf?;Film;FALSE;TRUE;131;1966;1966;Drame;États-Unis;
1281;Mikhail Kalatozov;Le sel de Svanétie;Džim Švante;Court-métrage documentaire;TRUE;TRUE;54;1930;1930;URSS;Géorgie, Union Soviétique;
1282;Mikhail Kalatozov;Quand passent les cigognes;Letiat jouravli;Film;FALSE;TRUE;97;1958;1958;URSS;Union Soviétique;
1283;Mikhail Kalatozov;Soy Cuba;Soy Cuba;Film;FALSE;TRUE;141;1964;1964;URSS;Cuba, Union Soviétique;
1284;Mikhail Tchiaoureli;La chute de Berlin;Padenie Berlina;Film;FALSE;FALSE;150;1950;1950;Drame, Guerre;Union Soviétique;
1285;Miklós Jancsó;Rouges et Blancs;Csillagosok, katonák;Film;FALSE;TRUE;90;1967;1967;Hongrie;Hongrie, Union Soviétique;
1286;Milos Forman;Amadeus;Amadeus;Film;FALSE;FALSE;160;1984;1984;Biopic, Drame, Musical;États-Unis;
1287;Milos Forman;Vol au-dessus d'un nid de coucou;One Flew Over the Cuckoo's Nest;Film;FALSE;FALSE;133;1975;1975;Drame;États-Unis;
1288;Mira Nair;Kama Sutra, une histoire d'amour;Kama Sutra: A Tale of Love;Film;FALSE;FALSE;114;1996;1996;Drame, Romance;Royaume-Uni, Inde, Japon, Allemagne;
1289;Mira Nair;Salaam Bombay!;Salaam Bombay!;Film;FALSE;FALSE;114;1988;1988;Drame;Inde, France, Royaume-Uni;
1290;Mira Nair;Vanity fair;Vanity fair;Film;FALSE;FALSE;141;2004;2004;Drame, Romance;États-Unis, Royaume-Uni;
1291;Moffat;Douglas is Cancelled S1 (E1-E4);Douglas is Cancelled S1 (E1-E4);Mini-série;FALSE;FALSE;180;2024;2024;Comédie dramatique, Satire;Royaume-Uni;
1292;Mohamed Diab;Les femmes du bus 678 (Cairo 678);Les femmes du bus 678 (Cairo 678);Film;FALSE;FALSE;100;2012;2012;Drame;Égypte;
1293;Morten Tyldum;Imitation Game;Imitation Game;Film;FALSE;FALSE;114;2014;2014;Biopic, Drame, Guerre, Historique;Royaume-Uni, États-Unis;
1294;Moustapha Akkad;Le message;The Message;Film;FALSE;FALSE;177;1976;1976;Historique, Biopic, Drame;Libye, Royaume-Uni, Liban, Koweït, Maroc;
1295;Nabil Ben Yadir;Les barons;Les barons;Film;FALSE;FALSE;90;2009;2009;Comédie;Belgique;
1296;Nagisa Ôshima;Furyo;Merry Christmas, Mr. Lawrence;Film;FALSE;FALSE;123;1983;1983;Royaume-Uni, Nouvelle-Zélande, Japon;Royaume-Uni, Japon, Nouvelle-Zélande;
1297;Nancy Meyers;The Holiday;The Holiday;Film;FALSE;FALSE;136;2006;2006;Comédie romantique;États-Unis, Royaume-Uni;
1298;Nanni Moretti;Vers un avenir radieux;Il sol dell'avvenire;Film;FALSE;FALSE;95;2023;2023;Comédie dramatique;Italie, France;
1299;Naomi Kawase;Les délices de Tokyo;An;Film;FALSE;FALSE;113;2015;2015;Drame;Japon;
1300;Nathan Ambrosiani;Toni, en famille;Toni, en famille;Film;FALSE;FALSE;90;2023;2023;Comédie dramatique;France;
1301;Neil Burger;L'illusioniste;L'illusioniste;Film;FALSE;FALSE;110;2006;2006;Drame, Mystère;États-Unis;
1302;Neill Blomkamp;District 9;District 9;Film;FALSE;FALSE;112;2008;2008;Science-fiction, Action;Afrique du Sud, Nouvelle-Zélande, États-Unis;
1303;Neill Blomkamp;Elysium;Elysium;Film;FALSE;FALSE;109;2013;2013;Science-fiction, Action;États-Unis;
1304;Neill Marshall;Centurion;Centurion;Film;FALSE;FALSE;97;2010;2010;Action, Historique, Guerre;Royaume-Uni;
1305;Nelly Kaplan;Abel Gance et son Napoléon;Napoléon vu par Abel Gance DVD 1;Documentaire;FALSE;FALSE;61;1984;1984;Documentaire, Cinéma;France;
1306;Nicholas Meyer;Le Jour d'après;The Day After;Téléfilm;FALSE;FALSE;127;1983;1983;Drame, Science-Fiction;Etats-Unis;
1307;Nicholas Meyer;The Day After;The Day After;Film;FALSE;FALSE;127;1983;1983;Drame, Guerre;États-Unis;
1308;Nicholas Ray;Le Roi des rois;King of Kings;Film;FALSE;FALSE;168;1961;1961;Biopic, Drame, Historique, Péplum;Etats-Unis;
1309;Nicholas Ray & Budd Schulberg;La forêt interdite;Wind accross the Everglades;Film;FALSE;FALSE;93;1958;1958;Aventure, Drame;Etats-Unis;
1310;Nicolas Philibert;Le pays des sourds;Le pays des sourds;Film;FALSE;FALSE;99;1992;1992;Documentaire;France;
1311;Niels Arestrup;Le Candidat;Le Candidat;Film;FALSE;FALSE;106;2007;2007;Comédie dramatique;France;
1312;Nimrod Antal;Predators;Predators;Film;FALSE;FALSE;107;2010;2010;Science-fiction, Action;Etats-Unis;
1313;Nina Paley;Sita chante le blues;Sita sings the blues;Long-métrage d'animation;FALSE;FALSE;82;2009;2009;Animation, Musical;États-Unis;
1314;Nino Kirtadze;Staline : le petit père du Peuple;Staline : le petit père du Peuple;Documentaire;FALSE;FALSE;90;2005;2005;Documentaire, Politique;France;
1315;Noah Baumbach;Greenberg;Greenberg;Film;FALSE;FALSE;107;2010;2010;Comédie dramatique;États-Unis;
1316;Nora Ephron;Ma Sorcière Bien-Aimée (Bewitched);Ma Sorcière Bien-Aimée (Bewitched);Film;FALSE;FALSE;102;2005;2005;Comédie, Fantastique;États-Unis;
1317;Nora Ephron;Vous avez un message;You've Got Mail;Film;FALSE;FALSE;119;1998;1998;Comédie romantique;États-Unis;
1318;Norman Jewison;Rollerball;Rollerball;Film;FALSE;FALSE;125;1975;1975;Science-fiction, Action;États-Unis;
1319;Norman McLaren;A Phantasy in Colors;A Phantasy in Colors;Court-métrage d'animation;FALSE;FALSE;8;1952;1952;Animation;Canada;
1320;Norman McLaren;Boogie Doodle;Boogie Doodle;Court-métrage d'animation;FALSE;FALSE;4;1941;1941;Animation;Canada;
1321;Norman McLaren;Dots;Dots;Court-métrage d'animation;TRUE;FALSE;2;1940;1940;Expérimental;Canada;
1322;Oliver Hermanus;Vivre;Living;Film;FALSE;FALSE;100;2022;2022;Drame;Royaume-Uni, Afrique du Sud;
1323;Oliver Hirschbiegel;Invasion;The Invasion;Film;FALSE;FALSE;99;2007;2007;Science-fiction, Thriller;États-Unis, Australie;
1324;Oliver Hirschbiegel;La Chute;Der Untergang;Film;FALSE;FALSE;156;2004;2004;Guerre, Drame, Historique;Allemagne, Autriche, Italie;
1325;Oliver Laxe;Sir?t;Sir?t;Film;FALSE;FALSE;123;2025;2025;Drame;Espagne, France;
1326;Oliver Parker;The Importance of Being Earnest;The Importance of Being Earnest;Film;FALSE;FALSE;97;2002;2002;Comédie;Royaume-Uni;
1327;Oliver Stone;Alexandre;Alexander;Film;FALSE;FALSE;175;2004;2004;Action, Historique, Biopic, Guerre;États-Unis, Royaume-Uni, Allemagne, Pays-Bas;
1328;Oliver Stone;JFK;JFK;Film;FALSE;FALSE;189;1991;1991;Thriller, Historique, Policier;États-Unis;
1329;Oliver Stone;Les Doors;The Doors;Film;FALSE;FALSE;141;1991;1991;Drame, Biopic, Musical;États-Unis;
1330;Oliver Stone;Platoon;Platoon;Film;FALSE;FALSE;120;1986;1986;Guerre, Drame;États-Unis;
1331;Oliver Stone;Wall Street;Wall Street;Film;FALSE;FALSE;126;1987;1987;Policier, Drame;États-Unis;
1332;Olivier Babinet et Fred Kihn;Robert Mitchum est mort;Robert Mitchum est mort;Film;FALSE;FALSE;91;2011;2011;Drame;France;
1333;Olivier Nakache et Eric Toledano;Le sens de la fête;Le sens de la fête;Film;FALSE;FALSE;117;2017;2017;Comédie dramatique;France, Canada, Belgique;
1334;Olivier Smolders;Mort à Vignole;Mort à Vignole;Court-métrage documentaire;FALSE;TRUE;42;1998;1998;Belgique;Belgique;
1335;Olivier Van Hoofstadt;Dikkenek;Dikkenek;Film;FALSE;FALSE;86;2006;2006;Comédie noire;Belgique, France;
1336;Orson Welles;Citizen Kane;Citizen Kane;Film;FALSE;TRUE;119;1941;1941;Drame;Etats-Unis;
1337;Orson Welles;Dossier secret (Mr. Arkadin);Confidential Report;Film;FALSE;TRUE;99;1955;1955;Espagne, Suisse, France;France, Espagne, Suisse;
1338;Orson Welles;Falstaff;Chimes at Midnight;Film;FALSE;TRUE;115;1965;1965;Drame, Historique;France, Espagne, Suisse;
1339;Orson Welles;Filming Othello;Filming Othello;Documentaire;FALSE;TRUE;66;1978;1978;Documentaire, Cinéma;République fédérale d'Allemagne;
1340;Orson Welles;La Dame de Shanghai;The Lady from Shanghai;Film;FALSE;TRUE;87;1947;1947;Film noir, Drame;Etats-Unis;
1341;Orson Welles;La Soif du mal;Touch of Evil;Film;FALSE;TRUE;95;1998;1998;Film noir, Policier;Etats-Unis;
1342;Orson Welles;La Soif du mal;Touch of Evil;Film;FALSE;TRUE;108;1958;1958;Film noir, Policier;Etats-Unis;
1343;Orson Welles;La Splendeur des Amberson;The Magnificent Ambersons;Film;FALSE;TRUE;88;1942;1942;Drame;États-Unis;
1344;Orson Welles;Le Criminel;The Stranger;Film;FALSE;TRUE;95;1946;1946;Film noir, Policier;Etats-Unis;
1345;Orson Welles;Le Procès;The Trial;Film;FALSE;TRUE;119;1962;1962;Drame;Italie, France, République Fédérale d'Allemagne;
1346;Orson Welles;Malpertuis;Malpertuis;Film;FALSE;FALSE;93;1971;1971;Comédie, Romance;Belgique;
1347;Orson Welles;Othello;The Tragedy of Othello: The Moor of Venice;Film;FALSE;TRUE;91;1951;1951;Drame;États-Unis;
1348;Orson Welles;Vérités et mensonges;F for Fake;Film;FALSE;FALSE;89;1973;1973;Documentaire, Essai;États-Unis;
1349;Orson Welles & Christophe Cognet;L'affaire Dominici par Orson Welles;L'affaire Dominici par Orson Welles;Documentaire TV;FALSE;TRUE;60;2000;2000;France;France;
1350;Otto Preminger;Laura;Laura;Film;FALSE;TRUE;88;1944;1944;Film noir, Policier;États-Unis;
1351;Ousmane Sembène;Borom Sarret;Borom Sarret;Court-métrage documentaire;FALSE;TRUE;19;1963;1963;Documentaire;Sénégal;
1352;Ousmane Sembène;La Noire de …;La Noire de …;Film;FALSE;TRUE;60;1966;1966;Drame;Sénégal;
1353;Park Chan-Wook;Mademoiselle;Ahgassi;Film;FALSE;FALSE;144;2016;2016;Drame, Thriller, Romance;Corée du Sud;
1354;Park Chan-Wook;Old Boy;Oldeuboi;Film;FALSE;FALSE;120;2004;2004;Thriller;Corée du Sud;
1355;Pascal Vasselin & Frank Cuveillier;La Fabrique de l'ignorance;La Fabrique de l'ignorance;Documentaire TV;FALSE;FALSE;90;2021;2021;Documentaire, Société, Sciences;France;
1356;Pascale Ferran;Lady Chatterley;Lady Chatterley;Film;FALSE;FALSE;168;2006;2006;Drame, Romance, Érotique;France, Royaume-Uni;
1357;Patric Jean;Les enfants du Borinage - Lettre à Henri Storck;Les enfants du Borinage - Lettre à Henri Storck;Documentaire TV;FALSE;FALSE;42;1999;1999;Belgique;Belgique;
1358;Patrice Chéreau;Ceux qui m'aiment prendront le train;Ceux qui m'aiment prendront le train;Film;FALSE;FALSE;123;1998;1998;Drame;France;
1359;Patrice Chéreau;La reine Margot;La reine Margot;Film;FALSE;FALSE;159;1994;1994;Drame, Historique;France, Italie, Allemagne;
1360;Patrice Gosselin;L'héritage des pensionnats indiens au Québec;L'héritage des pensionnats indiens au Québec;Court-métrage documentaire;FALSE;FALSE;30;2009;2009;Documentaire, Société;Canada (Québec);
1361;Patricio Guzman;Le bouton de nacre;El botón de nácar;Documentaire;FALSE;FALSE;82;2015;2015;Documentaire;Chili, Espagne, France;
1362;Patricio Guzman;Nostalgie de la lumière;Nostalgia de la luz;Documentaire;FALSE;FALSE;90;2010;2010;France, Chili, Allemagne;France, Allemagne, Chili, Espagne;
1363;Patrick Buisson;Paris Céline. Sur les pas de Céline avec Lorant Deutsch;Paris Céline. Sur les pas de Céline avec Lorant Deutsch;Documentaire;FALSE;FALSE;;;;;;
1364;Patrick Rotman;La tragédie des Brigades Internationales;La tragédie des Brigades Internationales;Documentaire;FALSE;FALSE;100;2016;2016;Documentaire, Guerre, Historique;France;
1365;Patrick Rotman;Les Survivants;Les Survivants;Film;FALSE;FALSE;114;2005;2005;Documentaire, Historique, Guerre;France;
1366;Paul Bartel;La Course à la mort de l'an 2000;Death Race 2000;Film;FALSE;FALSE;80;1975;1975;Science-fiction, Action, Satire;États-Unis;
1367;Paul Dewandre;Les hommes viennent de Mars, les femmes de Vénus;Les hommes viennent de Mars, les femmes de Vénus;Documentaire;FALSE;FALSE;90;2007;2007;Documentaire;Belgique;
1368;Paul Greengrass;Bloody Sunday;Bloody Sunday;Film;FALSE;FALSE;107;2002;2002;Drame, Historique;Royaume-Uni, Irlande;
1369;Paul Greengrass;Green Zone;Green Zone;Film;FALSE;FALSE;115;2010;2010;Action, Thriller, Guerre;États-Unis, Royaume-Uni, Espagne, France;
1370;Paul Greengrass;Jason Bourne;Jason Bourne;Film;FALSE;FALSE;123;2016;2016;Action, Espionnage;États-Unis;
1371;Paul Greengrass;La Mort dans la peau;The Bourne Supremacy;Film;FALSE;FALSE;108;2004;2004;Action, Thriller, Espionnage;États-Unis, Allemagne;
1372;Paul Greengrass;La Vengeance dans la peau;The Bourne Ultimatum;Film;FALSE;FALSE;115;2007;2007;Action, Thriller, Espionnage;États-Unis, Allemagne;
1373;Paul Grimault;Le roi et l'oiseau;Le roi et l'oiseau;Film;FALSE;FALSE;83;1980;1980;Animation, Fantasy;France;
1374;Paul Michael Glaser;Running Man;The Running Man;Film;FALSE;FALSE;101;1987;1987;Action;États-Unis;
1375;Paul Paviot;Lumière, la naissance du cinéma;Lumière, la naissance du cinéma;Documentaire;FALSE;TRUE;20;1953;1953;France;France;
1376;Paul Schrader;La Féline;Cat People;Film;FALSE;FALSE;118;1982;1982;Horreur, Fantastique, Érotique;États-Unis;
1377;Paul Thomas Anderson;Magnolia;Magnolia;Film;FALSE;FALSE;188;1999;1999;Drame;États-Unis;
1378;Paul Thomas Anderson;Punch-Drunk Love : Ivre d'amour;Punch-Drunk Love;Film;FALSE;FALSE;95;2002;2002;Comédie dramatique, Romance;États-Unis;
1379;Paul Thomas Anderson;There Will Be Blood;There Will Be Blood;Film;FALSE;FALSE;158;2007;2007;Drame;États-Unis;
1380;Paul Thomas Anderson;Une bataille après l'autre;One Battle after Another;Film;FALSE;FALSE;170;2025;2025;Thriller;Etats-Unis;
1381;Paul Verhoeven;Basic Instinct;Basic Instinct;Film;FALSE;FALSE;127;1992;1992;Thriller érotique, Policier;États-Unis, France;
1382;Paul Verhoeven;Robocop;Robocop;Film;FALSE;FALSE;103;1987;1987;Science-fiction, Action;États-Unis;
1383;Paul Verhoeven;Starship Troopers;Starship Troopers;Film;FALSE;FALSE;129;1997;1997;Science-fiction, Guerre;États-Unis;
1384;Paul Verhoeven;Starship Troopers (la Collection) 1. Starship Troopers;Starship Troopers (la Collection) 1. Starship Troopers;Film;FALSE;FALSE;129;1997;1997;Science-fiction, Guerre;États-Unis;
1385;Paul Verhoeven;Starship Troopers (la Collection) 2. Les Héros de la Fédération;Starship Troopers (la Collection) 2. Les Héros de la Fédération;Film;FALSE;FALSE;98;2003;2003;Science-fiction, Guerre;États-Unis;
1386;Paul Verhoeven;Starship Troopers (la Collection) 3. Marauder;Starship Troopers (la Collection) 3. Marauder;Film;FALSE;FALSE;98;2008;2008;Science-fiction, Guerre;États-Unis;
1387;Paul Verhoeven;Total Recall;Total Recall;Film;FALSE;FALSE;113;1990;1990;Science-fiction, Action;États-Unis;
1388;Paul W.S. Anderson;Alien vs. Predator;AVP: Alien vs. Predator;Film;FALSE;FALSE;101;2004;2004;Science-Fiction, Epouvante, Horreur;États-Unis, Royaume-Uni, Tchéquie;
1389;Pauline Kael & Robert Carringer;The Complete Citizen Kane;The Complete Citizen Kane;Documentaire TV;FALSE;FALSE;114;1991;1991;Documentaire, Cinéma;Royaume-Uni;
1390;Pawel Pawlikowski;Ida;Ida;Film;FALSE;TRUE;82;2014;2014;Pologne, Danemark, France, Royaume-Uni;Pologne, Danemark;
1391;Pedro Almodovar;La Chambre d'à côté;The Room next door;Film;FALSE;FALSE;107;2024;2024;Drame;Espagne, France;
1392;Pedro Almodovar;Parle ave Elle;Parle ave Elle;Film;FALSE;FALSE;103;2002;2002;Drame, Romance;Espagne;
1393;Percy Adlon;Bagdad Café;Out of Rosenheim;Film;FALSE;FALSE;91;1987;1987;Allemagne de l'Ouest;Allemagne, Etats-Unis;
1394;Peter Berg;Battleship;Battleship;Film;FALSE;FALSE;131;2012;2012;Action, Science-fiction;États-Unis;
1395;Peter Chung & al.;Animatrix;The Animatrix;Long-métrage d'animation;FALSE;FALSE;102;2003;2003;Animation, Science-fiction;États-Unis, Japon;
1396;Peter Flinth;Arn, chevalier du temple;Arn: Tempelriddaren;Film;FALSE;FALSE;121;2007;2007;Suède, Danemark, Allemagne, Norvège, Finlande, Royaume-Uni;Suède;
1397;Peter Glenville;Becket;Becket;Film;FALSE;FALSE;148;1964;1964;Historique, Drame, Biopic;Royaume-Uni;
1398;Peter Greenaway;Le Ventre de l'architecte;The Belly of an Architect;Film;FALSE;FALSE;108;1987;1987;Drame;Royaume-Uni;
1399;Peter Greenaway;Meurtre dans un jardin anglais;The Draughtsman's Contract;Film;FALSE;FALSE;108;1982;1982;Drame, Mystère;Royaume-Uni;
1400;Peter Greenaway;Prospero's Books;Prospero's Books;Film;FALSE;FALSE;129;1991;1991;Fantastique, Aventure;Royaume-Uni, France, Pays-Bas, Italie, Japon;
1401;Peter Greenaway;Triple Assassinat dans le Suffolk;Drowning by Numbers;Film;FALSE;FALSE;118;1988;1988;Thriller, Mystère;Royaume-Uni;
1402;Peter Hunt;James Bond 007 -06 Au service secret de Sa Majesté;On Her Majesty's Secret Service;Film;FALSE;FALSE;142;1969;1969;Action, Espionnage;Royaume-Uni;
1403;Peter Hyams;2010 : l'année du premier contact;2010: The Year we made contact;Film;FALSE;FALSE;116;1984;1984;Science-fiction;Etats-Unis;
1404;Peter Hyams;Capricorn One;Capricorn One;Film;FALSE;FALSE;123;1977;1977;Drame, Thriller;Royaume-Uni, Etats-Unis;
1405;Peter Hyams;Outland... Loin de la Terre;Outland;Film;FALSE;FALSE;109;1981;1981;Science-fiction;États-Unis;
1406;Peter Hyams;Presidio: Base militaire, San Francisco;The Presidio;Film;FALSE;FALSE;97;1988;1988;Guerre, Thriller;États-Unis;
1407;Peter Jackson;King Kong;King Kong;Film;FALSE;FALSE;187;2005;2005;Aventure, Fantastique;États-Unis, Nouvelle-Zélande, Allemagne;
1408;Peter Jackson;Le Seigneur des Anneaux : La Communauté de l'Anneau DVD 1 - 1ère partie;The Lord of the Rings: The Fellowship of the Ring;Film;FALSE;FALSE;178;2011;2011;Fantasy, Aventure;Nouvelle-Zélande, États-Unis;
1409;Peter Jackson;Le Seigneur des Anneaux : La Communauté de l'Anneau DVD 2 - 2è partie;The Lord of the Rings: The Fellowship of the Ring;Film;FALSE;FALSE;178;2011;2011;Fantasy, Aventure;Nouvelle-Zélande, États-Unis;
1410;Peter Jackson;Le Seigneur des Anneaux : La Communauté de l'Anneau DVD 3 - Les Appendices 1: Du livre à une vision;The Lord of the Rings: The Fellowship of the Ring;Film;FALSE;FALSE;60;2011;2011;Documentaire, Cinéma;Nouvelle-Zélande, États-Unis;
1411;Peter Jackson;Le Seigneur des Anneaux : La Communauté de l'Anneau DVD 4 - Les Appendices 2 : D'une vision à la réalité;The Lord of the Rings: The Fellowship of the Ring;Film;FALSE;FALSE;60;2011;2011;Documentaire, Cinéma;Nouvelle-Zélande, États-Unis;
1412;Peter Jackson;Le Seigneur des Anneaux : Le Retour du Roi DVD 1 - 1ère partie;The Lord of the Rings: The Return of the King;Film;FALSE;FALSE;201;2011;2011;Fantasy, Aventure;Nouvelle-Zélande, États-Unis;
1413;Peter Jackson;Le Seigneur des Anneaux : Le Retour du Roi DVD 2 - 2è partie;The Lord of the Rings: The Return of the King;Film;FALSE;FALSE;201;2011;2011;Fantasy, Aventure;Nouvelle-Zélande, États-Unis;
1414;Peter Jackson;Le Seigneur des Anneaux : Le Retour du Roi DVD 3 - Les Appendices 5: La guerre de l'anneau;The Lord of the Rings: The Return of the King;Film;FALSE;FALSE;60;2011;2011;Documentaire, Cinéma;Nouvelle-Zélande, États-Unis;
1415;Peter Jackson;Le Seigneur des Anneaux : Le Retour du Roi DVD 4 - Les Appendices 6 : La fin du Tiers Âge;The Lord of the Rings: The Return of the King;Film;FALSE;FALSE;60;2011;2011;Documentaire, Cinéma;Nouvelle-Zélande, États-Unis;
1416;Peter Jackson;Le Seigneur des Anneaux : Les Deux Tours DVD 1 - 1ère partie;The Lord of the Rings: The Two Towers;Film;FALSE;FALSE;179;2011;2011;Fantasy, Aventure;Nouvelle-Zélande, États-Unis;
1417;Peter Jackson;Le Seigneur des Anneaux : Les Deux Tours DVD 2 - 2è partie;The Lord of the Rings: The Two Towers;Film;FALSE;FALSE;179;2011;2011;Fantasy, Aventure;Nouvelle-Zélande, États-Unis;
1418;Peter Jackson;Le Seigneur des Anneaux : Les Deux Tours DVD 3 - Les Appendices 3: L'aventure continue…;The Lord of the Rings: The Two Towers;Film;FALSE;FALSE;60;2011;2011;Documentaire, Cinéma;Nouvelle-Zélande, États-Unis;
1419;Peter Jackson;Le Seigneur des Anneaux : Les Deux Tours DVD 4 - Les Appendices 4 : La bataille pour la Terre du Milieu commence;The Lord of the Rings: The Two Towers;Film;FALSE;FALSE;60;2011;2011;Documentaire, Cinéma;Nouvelle-Zélande, États-Unis;
1420;Peter Jackson;Le Seigneurs des Anneaux I - La Communauté de l'Anneau (2 DVD);Le Seigneurs des Anneaux I - La Communauté de l'Anneau (2 DVD);Film;FALSE;FALSE;178;2001;2001;Fantasy, Aventure;Nouvelle-Zélande, États-Unis;
1421;Peter Jackson;Le Seigneurs des Anneaux II - Les Deux Tours (2 DVD);Le Seigneurs des Anneaux II - Les Deux Tours (2 DVD);Film;FALSE;FALSE;179;2003;2003;Fantasy, Aventure;Nouvelle-Zélande, États-Unis;
1422;Peter Jackson;Le Seigneurs des Anneaux III - Le Retour du Roi (2 DVD);Le Seigneurs des Anneaux III - Le Retour du Roi (2 DVD);Film;FALSE;FALSE;201;2004;2004;Fantasy, Aventure;Nouvelle-Zélande, États-Unis;
1423;Peter Jackson;Lovely Bones;The Lovely Bones;Film;FALSE;FALSE;135;2009;2009;Drame, Fantastique;États-Unis, Royaume-Uni;
1424;Peter Jackson;The Hobbit. The Desolation of Smaug;The Hobbit. The Desolation of Smaug;Film;FALSE;FALSE;161;2014;2014;Fantasy, Aventure;Nouvelle-Zélande, États-Unis;
1425;Peter Kassovitz;L'énigme blanche;L'énigme blanche;Téléfilm;FALSE;TRUE;98;1985;1985;Drame;France, Canada;
1426;Peter Kosminsky;Les Hauts de Hurlevent;Wuthering Heights;Film;FALSE;FALSE;180;1992;1992;Romance, Drame;Royaume-Uni;
1427;Peter N. Johnson;A More Perfect Union. America Becomes a Nation;A More Perfect Union. America Becomes a Nation;Téléfilm;FALSE;FALSE;180;1989;1989;Documentaire, Historique;Etats-Unis;
1428;Peter Spierig & Michael Spierig;La malédiction Winchester;La malédiction Winchester;Film;FALSE;FALSE;98;2018;2018;Horreur, Fantastique;États-Unis;
1429;Peter Ustinov;Billy Budd;Billy Budd;Film;FALSE;TRUE;123;1962;1962;Aventure, Drame;Royaume-Uni;
1430;Peter Watkins;Journal d'un soldat inconnu;The Diary of an Unknown Soldier;Court-métrage;TRUE;TRUE;19;1959;1959;Guerre, Documentaire;Royaume-Uni;
1431;Peter Watkins;La Bataille de Culloden;Culloden;Téléfilm;FALSE;TRUE;69;1964;1964;Guerre, Historique;Royaume-Uni;
1432;Peter Watkins;La Bombe;The War Game;Moyen-métrage;FALSE;TRUE;48;1966;1966;Drame;Royaume-Uni;
1433;Peter Watkins;La Commune (Paris 1871);La Commune (Paris 1871);Téléfilm;FALSE;TRUE;220;2000;2000;Expérimental, Historique;France;
1434;Peter Watkins;Les Gladiateurs;The Gladiators;Téléfilm;FALSE;FALSE;92;1969;1969;Drame, Science-Fiction;Suède;
1435;Peter Watkins;Punishment Park;Punishment Park;Film;FALSE;FALSE;91;1971;1971;Science-fiction;Etats-Unis;
1436;Peter Watkins;The Forgotten Faces;The Forgotten Faces;Court-métrage;TRUE;TRUE;18;1961;1961;Guerre, Documentaire;Royaume-Uni;
1437;Peter Webber;La Jeune Fille à la perle;La Jeune Fille à la perle;Film;FALSE;FALSE;100;2003;2003;Drame, Historique;Royaume-Uni, Luxembourg;
1438;Peter Weir;Green Card;Green Card;Film;FALSE;FALSE;108;1990;1990;Comédie romantique;États-Unis;
1439;Peter Weir;La dernière vague;The Last Wave;Film;FALSE;FALSE;106;1977;1977;Fantastique, Drame;Australie;
1440;Peter Weir;L'Année de tous les dangers;The Year of Living Dangerously;Film;FALSE;FALSE;117;1982;1982;Drame, Romance, Thriller;Australie;
1441;Peter Weir;Le Cercle des poètes disparus;Dead Poets Society;Film;FALSE;FALSE;128;1989;1989;Drame;États-Unis;
1442;Peter Weir;Le plombier;;Téléfilm;FALSE;FALSE;76;1979;1979;Fantastique, Drame;Australie;
1443;Peter Weir;Les chemins de la liberté;The Way Back;Film;FALSE;FALSE;133;2010;2010;Drame, Aventure;Australie, États-Unis;
1444;Peter Weir;Les voitures qui ont mangé Paris;The Cars That Ate Paris;Film;FALSE;FALSE;91;1974;1974;Comédie noire, Fantastique;Australie;
1445;Peter Weir;Master and Commander : De l'autre côté du monde;Master and Commander: The Far Side of the World;Film;FALSE;FALSE;138;2003;2003;Aventure, Guerre;États-Unis;
1446;Peter Weir;Pique-nique à Hanging Rock;Picnic at Hanging Rock;Film;FALSE;FALSE;115;1975;1975;Fantastique, Drame;Australie;
1447;Peter Weir;Witness - Témoin sous surveillance;Witness;Film;FALSE;FALSE;107;1985;1985;Policier, Thriller;Etats-Unis;
1448;Petr Nikolaev;Lidice;Lidice;Film;FALSE;FALSE;110;2011;2011;Drame, Guerre;République tchèque;
1449;Philip Barantini;The Chef;Boiling Point;Film;FALSE;FALSE;92;2022;2022;Drame;Royaume-Uni;
1450;Philip Kaufman;L'étoffe des héros;The Right Stuff;Film;FALSE;FALSE;193;1983;1983;Drame, Historique, Biopic;États-Unis;
1451;Philip Kaufman;L'Invasion des profanateurs;Invasion of the Body Snatchers;Film;FALSE;FALSE;115;1978;1978;Science-fiction, Horreur;États-Unis;
1452;Philip Kaufman;Soleil levant;Rising Sun;Film;FALSE;FALSE;129;1993;1993;Policier, Thriller;États-Unis;
1453;Philippe Baron;OK, Joe ! ou les mémoires du soldat Guilloux;OK, Joe ! ou les mémoires du soldat Guilloux;Documentaire;FALSE;FALSE;90;2023;2023;France;France;
1454;Philippe de Broca;Le Bossu;Le bossu;Film;FALSE;FALSE;129;1997;1997;Aventure, Cape et épée;France, Italie;
1455;Philippe de Broca;Le Magnifique;Le Magnifique;Film;FALSE;FALSE;85;1967;1967;Comédie, Aventure;France, Italie;
1456;Philippe Hensmans;Femmes de Gilles;Femmes de Gilles;Documentaire TV;FALSE;FALSE;58;1999;1999;Belgique;Belgique;
1457;Philippe Lioret;Je vais bien, ne t'en fais pas;Je vais bien, ne t'en fais pas;Film;FALSE;FALSE;100;2006;2006;Drame;France;
1458;Phillip Noyce;Jeux de guerre;Patriot Games;Film;FALSE;FALSE;117;1992;1992;Action, Thriller, Espionnage;États-Unis;
1459;Phyllida Lloyd;La Dame de Fer;La Dame de Fer;Film;FALSE;FALSE;105;2011;2011;Biopic, Drame;Royaume-Uni, France;
1460;Phyllida Lloyd;Mamma Mia ! Le film;Mamma Mia!;Film;FALSE;FALSE;108;2008;2008;Comédie musicale, Comédie romantique;Royaume-Uni, États-Unis;
1461;Pier Paolo Pasolini;Accattone;Accattone;Film;FALSE;TRUE;117;1961;1961;Drame;Italie;
1462;Pier Paolo Pasolini;Carnet de notes pour une Orestie Africaine;Appunti per un' Orestiade africana;Documentaire;FALSE;FALSE;65;1970;1970;Documentaire;Italie;
1463;Pier Paolo Pasolini;Les contes de Canterbury;I Raconti di Canterbury;Film;FALSE;FALSE;170;1972;1972;Comédie dramatique;Italie, France;
1464;Pier Paolo Pasolini;Médée;Medea;Film;FALSE;FALSE;110;1969;1969;Drame, Historique;Italie, France;
1465;Pier Paolo Pasolini;Oedipe Roi;Edipo Re;Film;FALSE;FALSE;104;1967;1967;Italie, France;Italie, Maroc;
1466;Pier Paolo Pasolini;Théorème;Teorema;Film;FALSE;FALSE;98;1968;1968;Drame;Italie, France;
1467;Pierre Billon;Ruy Blas;Ruy Blas;Film;FALSE;TRUE;98;1948;1948;Drame;France, Italie;
1468;Pierre Boutron;L'affaire Dominici;L'affaire Dominici;Documentaire TV;FALSE;FALSE;;2003;2003;Documentaire;France;
1469;Pierre Cardinal;Au Cœur de la Casbah;Au Cœur de la Casbah;Film;FALSE;FALSE;96;1952;1952;Drame;France;
1470;Pierre Granier-Deferre;L'Autrichienne;L'Autrichienne;Film;FALSE;FALSE;136;1990;1990;Historique, Drame;France;
1471;Pierre Granier-Deferre;Le Chat;Le Chat;Film;FALSE;FALSE;88;1971;1971;France, Italie;France, Italie;
1472;Pierre Granier-Deferre;Une femme à sa fenêtre;Une femme à sa fenêtre;Film;FALSE;FALSE;98;1976;1976;Drame;France;
1473;Pierre Morel;Taken;Taken;Film;FALSE;FALSE;93;2008;2008;Action;France;
1474;Pierre Schoeller;Un peuple et son Roi;Un peuple et son Roi;Film;FALSE;FALSE;121;2018;2018;Drame, Historique;France;
1475;Pierre Viallet;M. de Balzac;M. de Balzac;Documentaire TV;FALSE;TRUE;53;1960;1960;Documentaire, Littérature;France;
1476;Pierre-André Boutang;Abécédaire de Gilles Deleuze;Abécédaire de Gilles Deleuze;Documentaire;FALSE;FALSE;480;1996;1996;Documentaire, Philosophie;France;
1477;Pierre-Henri Gibert;La Voix du Peuple, Wajda dans la fièvre révolutionnaire;La Voix du Peuple, Wajda dans la fièvre révolutionnaire;Documentaire;FALSE;FALSE;53;2016;2016;France, Pologne;France;
1478;Quentin Dupieux;Mandibules;Mandibules;Film;FALSE;FALSE;77;2020;2020;Comédie noire;France;
1479;Quentin Dupieux;Yannick;Yannick;Film;FALSE;FALSE;97;2023;2023;Comédie dramatique, Drame;France;
1480;Quentin Tarantino;Inglourious Basterds;Inglourious Basterds;Film;FALSE;FALSE;153;2009;2009;Guerre, Drame, Comédie noire;Allemagne, États-Unis;
1481;Quentin Tarantino;Kill Bill: Volume I;Kill Bill: Vol. 1;Film;FALSE;FALSE;111;2003;2003;Action, Arts martiaux;États-Unis;
1482;Quentin Tarantino;Kill Bill: Volume II;Kill Bill: Vol. 2;Film;FALSE;FALSE;137;2004;2004;Action, Arts martiaux, Western;États-Unis;
1483;Quentin Tarantino;Pulp Fiction;Pulp Fiction;Film;FALSE;FALSE;154;1994;1994;Policier, Comédie noire;États-Unis;
1484;Rainer Werner Fassbinder;Effi Briest;Effi Briest;Film;FALSE;TRUE;140;1974;1974;Allemagne de l'Ouest;République fédérale d'Allemagne;
1485;Rainer Werner Fassbinder;La troisième génération;Die dritte Generation;Film;FALSE;FALSE;110;1979;1979;Drame, Thriller;République fédérale d'Allemagne;
1486;Rainer Werner Fassbinder;L'Allemagne en automne;Deutschland im Herbst;Film;FALSE;FALSE;123;1978;1978;Documentaire, Politique;République fédérale d'Allemagne;
1487;Rainer Werner Fassbinder;L'Année des treize lunes;In einem Jahr mit 13 Monden;Film;FALSE;FALSE;135;1978;1978;Drame, Fantastique;République fédérale d'Allemagne;
1488;Rainer Werner Fassbinder;Le Droit du plus fort;Faustrecht der Freiheit;Film;FALSE;FALSE;123;1975;1975;Drame;République fédérale d'Allemagne;
1489;Rainer Werner Fassbinder;Le Mariage de Maria Braun;Die Ehe der Maria Braun;Film;FALSE;FALSE;120;1979;1979;Drame;République fédérale d'Allemagne;
1490;Rainer Werner Fassbinder;Le Secret de Veronika Voss;Die Sehnsucht der Veronika Voss;Film;FALSE;FALSE;104;1981;1981;Drame;République fédérale d'Allemagne;
1491;Rainer Werner Fassbinder;Les Larmes amères de Petra von Kant;Die Bitteren Tranen der Petra von Kant;Film;FALSE;FALSE;124;1972;1972;Drame;République fédérale d'Allemagne;
1492;Rainer Werner Fassbinder;Lili Marleen;Lili Marleen;Film;FALSE;FALSE;120;1981;1981;Allemagne de l'Ouest;République fédérale d'Allemagne;
1493;Rainer Werner Fassbinder;Lola, une femme allemande;Lola;Film;FALSE;FALSE;115;1981;1981;Drame;République fédérale d'Allemagne;
1494;Rainer Werner Fassbinder;Maman Küsters s'en va au ciel;Mutter Küsters’ Fahrt zum Himmel;Film;FALSE;FALSE;120;1975;1975;Drame;République fédérale d'Allemagne;
1495;Ralph Bakshi;Le Seigneur des Anneaux;The Lord of the Rings;Long-métrage d'animation;FALSE;FALSE;133;1978;1978;Fantasy, Animation;Etats-Unis;
1496;Ralph Bakshi;Les Sorciers de la guerre;Wizards;Film;FALSE;FALSE;80;1977;1977;Animation, Fantasy;États-Unis;
1497;Ralph Brooke;Bloodlust!;Bloodlust!;Film;FALSE;TRUE;68;1961;1961;Horreur;États-Unis;
1498;Ramin Bahrani;Fahrenheit 451;Fahrenheit 451;Film;FALSE;FALSE;100;2018;2018;Science-fiction, Drame;États-Unis;
1499;Ranald MacDougall;Le monde, la chair et le diable;Le monde, la chair et le diable;Film;FALSE;TRUE;101;1959;1959;Science-fiction, Drame;États-Unis;
1500;Randal Kleiser;Grease;Grease is the word;Film;FALSE;FALSE;110;1978;1978;Comédie musicale, Romance;États-Unis;
1501;Randall Wallace;Nous étions soldats;We Were Soldiers;Film;FALSE;FALSE;138;2002;2002;Guerre, Drame;États-Unis;
1502;Raoul Peck;Lumumba;Lumumba;Film;FALSE;FALSE;115;2000;2000;Drame, Historique, Guerre;France, Belgique, Allemagne, Haïti;
1503;Raoul Servais;Raoul Servais, Les Extras;Raoul Servais, Les Extras;Documentaire;FALSE;FALSE;;;;Documentaire, Cinéma d'animation;Belgique;
1504;Raoul Servais;Raoul Servais, L'intégrale des Courts Métrages (ANIMA);Raoul Servais, Les Courts Métrages;Court-métrage d'animation;FALSE;FALSE;;;;Animation, Court-métrage;Belgique;
1505;Raoul Servais;Taxandria;Taxandria;Film;FALSE;FALSE;80;1996;1996;Animation, Aventure, Fantastique, Science-Fiction;Belgique, Allemagne, France;
1506;Raoul Walsh;Intrigues en Orient;Background to danger;Film;FALSE;FALSE;80;1943;1943;Espionnage, Guerre;États-Unis;
1507;Ray Muller;Leni Riefenstahl - Le Pouvoir des images;Die Macht der Bilder: Leni Riefenstahl;Documentaire;FALSE;FALSE;180;1993;1993;Allemagne;France, Royaume-Uni, Allemagne, Belgique;
1508;Raymond Abrashkin;Le petit fugitif;Le petit fugitif;Film;FALSE;TRUE;80;1953;1953;Drame;États-Unis;
1509;Raymond Depardon;San Clemente;San Clemente;Documentaire;FALSE;FALSE;100;1982;1982;Documentaire;France;
1510;René Allio;Moi, Pierre Rivière, ayant égorgé ma mère, ma soeur et mon frère;Moi, Pierre Rivière, ayant égorgé ma mère, ma soeur et mon frère;Film;FALSE;FALSE;130;1976;1976;Drame, Historique, Policier;France;
1511;René Clair;Entr'Acte;Entr'Acte;Court-métrage;FALSE;TRUE;20;1924;1924;Expérimental, Muet;France;
1512;René Laloux;La Planète sauvage;La Planète sauvage;Film;FALSE;FALSE;72;1973;1973;Animation, Science-fiction;France, Tchécoslovaquie;
1513;René Laloux & Moebius;Les Maîtres du temps;Les Maîtres du temps;Long-métrage d'animation;FALSE;FALSE;80;1982;1982;Animation, Fantasy;France, Hongrie;
1514;René Le Hénaff;Le Colonel Chabert;Le Colonel Chabert;Film;FALSE;TRUE;110;1943;1943;Drame;France;
1515;Renny Harlin;Die Hard 2 / 58 minutes pour vivre;Die Hard 2;Film;FALSE;FALSE;124;1990;1990;Action;États-Unis;
1516;Rian Johnson;Star Wars VIII. The Last Jedi;Star Wars VIII. The Last Jedi;Film;FALSE;FALSE;152;2017;2017;Science-fiction, Aventure;États-Unis;
1517;Ric Roman Waugh;Greenland 1: Le dernier refuge;Greenland Le dernier refuge;Film;FALSE;FALSE;119;2020;2020;Catastrophe, Action, Drame;États-Unis;
1518;Ric Roman Waugh;Greenland 2: Migration;Greenland: Migration;Film;FALSE;FALSE;107;2026;2026;Catastrophe, Action;Royaume-Uni, Etats-Unis;
1519;Richard Attenborough;Gandhi;Gandhi;Film;FALSE;FALSE;191;1982;1982;Biopic, Historique, Drame;Royaume-Uni, Inde;
1520;Richard Attenborough;Un pont trop loin;A Bridge Too Far;Film;FALSE;FALSE;175;1977;1977;Guerre, Drame;Royaume-Uni, États-Unis;
1521;Richard Curtis;Good Morning England;Pirate Radio;Film;FALSE;FALSE;135;2009;2009;Comédie dramatique;Royaume-Uni, Allemagne, France;
1522;Richard Curtis;Love Actually;Love Actually;Film;FALSE;FALSE;135;2003;2003;Comédie romantique;Royaume-Uni;
1523;Richard Donner;L'Arme fatale;Lethal Weapon;Film;FALSE;FALSE;110;1987;1987;Action, Policier, Buddy movie;États-Unis;
1524;Richard Donner;Superman;Superman;Film;FALSE;FALSE;143;1978;1978;Super-héros, Science-fiction;États-Unis;
1525;Richard Donner;The Goonies;The Goonies;Long-métrage d'animation;FALSE;FALSE;114;1985;1985;Aventure, Comédie;États-Unis;
1526;Richard Eichberg;Le Tigre du Bengale DVD 2 Le film (1938);Der Tiger von Eschnapur;Film;FALSE;FALSE;90;1938;1938;Drame, Aventure;Allemagne;
1527;Richard Eichberg;Le Tombeau hindou DVD 2 Le film (1938);Das indische Grabmal;Film;FALSE;FALSE;87;1938;1938;Drame, Aventure;Allemagne;
1528;Richard Eyre;My Lady;The Children Act;Film;FALSE;FALSE;105;2018;2018;Drame;Royaume-Uni;
1529;Richard Fleischer;20.000 Lieues sous les mers;20,000 Leagues Under the Sea;Film;FALSE;FALSE;127;1954;1954;Aventure, Science-Fiction;Etats-Unis;
1530;Richard Fleischer;Barabbas;Barabbas;Film;FALSE;FALSE;134;1961;1961;Historique, Drame, Péplum;Italie;
1531;Richard Fleischer;L'énigme du Chicago Express;The Narrow Margin;Film;FALSE;TRUE;71;1952;1952;Policier, Thriller;États-Unis;
1532;Richard Fleischer;Les Vikings;The Vikings;Film;FALSE;FALSE;114;1958;1958;Aventure, Historique;États-Unis;
1533;Richard Fleischer;Soleil Vert;Soleil Vert;Film;FALSE;FALSE;97;1973;1973;Science-fiction;États-Unis;
1534;Richard Fleischer;Tora! Tora! Tora!;Tora! Tora! Tora!;Film;FALSE;FALSE;144;1970;1970;Guerre, Historique;États-Unis, Japon;
1535;Richard Linklater;A Scanner Darkly;A Scanner Darkly;Long-métrage d'animation;FALSE;FALSE;100;2006;2006;Animation, Policier, Drame, Science-fiction;Etats-Unis;
1536;Richard Linklater;Before Midnight;Before Midnight;Film;FALSE;FALSE;108;2013;2013;Drame, Romance;Etats-Unis, Grèce;
1537;Richard Linklater;Before Sunrise;Before Sunrise;Film;FALSE;FALSE;101;1995;1995;Drame, Romance;Etats-Unis;
1538;Richard Linklater;Before Sunset;Before Sunset;Film;FALSE;FALSE;80;2004;2004;Drame, Romance;Etats-Unis, France;
1539;Richard Linklater;Boyhood;Boyhood;Film;FALSE;FALSE;166;2014;2014;Drame;Etats-Unis;
1540;Richard Linklater;Fast Food Nation;Fast Food Nation;Film;FALSE;FALSE;114;2006;2006;Comédie dramatique;Royaume-Uni, Etats-Unis;
1541;Richard Linklater;Nouvelle Vague;Nouvelle Vague;Film;FALSE;TRUE;105;2025;2025;Comédie, Drame, Biopic;France;
1542;Richard Linklater;Waking Life;Waking Life;Film;FALSE;FALSE;99;2001;2001;Drame, Animation;Etats-Unis;
1543;Richard Loncraine;Firewall;Firewall;Film;FALSE;FALSE;105;2006;2006;Thriller, Action;États-Unis;
1544;Richard Marquand;Star Wars VI. Return of the Jedi;Star Wars VI. Return of the Jedi;Film;FALSE;FALSE;131;1983;1983;Science-fiction, Aventure;États-Unis;
1545;Richard T. Heffron;FutureWorld;FutureWorld;Film;FALSE;FALSE;107;1976;1976;Science-fiction, Thriller;États-Unis;
1546;Richard T. Heffron;La Révolution française, 2è partie;La Révolution française;Film;FALSE;FALSE;150;1989;1989;Historique, Drame;France, Italie, Canada, Royaume-Uni, Allemagne;
1547;Richard Whorf;La Pluie qui change (Till the Clouds Roll By);La Pluie qui change (Till the Clouds Roll By);Film;FALSE;FALSE;137;1946;1946;Comédie musicale, Biopic;États-Unis;
1548;Ridley Scott;Alien : Covenant;Alien: Covenant;Film;FALSE;FALSE;122;2017;2017;Science-Fiction, Epouvante, Horreur;États-Unis, Australie, Nouvelle-Zélande, Royaume-Uni, Canada;
1549;Ridley Scott;Alien : Prometheus;Prometheus;Film;FALSE;FALSE;124;2012;2012;Science-Fiction, Epouvante, Horreur;Etats-Unis;
1550;Ridley Scott;Alien, le 8ème passager;Alien;Film;FALSE;FALSE;116;1979;1979;Science-Fiction, Epouvante, Horreur;Etats-Unis;
1551;Ridley Scott;Black Rain;Black Rain;Film;FALSE;FALSE;125;1989;1989;Policier, Thriller, Action;États-Unis, Japon;
1552;Ridley Scott;Blade Runner;Blade Runner;Film;FALSE;FALSE;117;1982;1982;Science-fiction, Policier;Etats-Unis;
1553;Ridley Scott;Blade Runner : Director's Cut;Blade Runner: Director's Cut;Film;FALSE;FALSE;117;1992;1992;Science-fiction, Policier;Etats-Unis;
1554;Ridley Scott;Blade Runner: The Final Cut;Blade Runner: The Final Cul;Film;FALSE;FALSE;117;2007;2007;Science-fiction, Policier;Etats-Unis;
1555;Ridley Scott;Exodus - Gods and Kings;Exodus - Gods and Kings;Film;FALSE;FALSE;150;2014;2014;Drame, Historiqu, Peplum;Etats-Unis;
1556;Ridley Scott;Gladiator;Gladiator;Film;FALSE;FALSE;155;2000;2000;Action, Historique, Drame;États-Unis, Royaume-Uni, Malte, Maroc;
1557;Ridley Scott;Kingdom of Heaven;Kingdom of Heaven;Film;FALSE;FALSE;144;2005;2005;Historique, Action, Drame;États-Unis, Royaume-Uni, Espagne, Allemagne, Maroc;
1558;Ridley Scott;Les Associés;Matchstick Men;Film;FALSE;FALSE;116;2003;2003;Comédie, Policier;États-Unis;
1559;Ridley Scott;Robin des Bois;Robin Hood;Film;FALSE;FALSE;140;2010;2010;Aventure, Action;Royaume-Uni, États-Unis, France;
1560;Ridley Scott;Thelma et Louise;Thelma & Louise;Film;FALSE;FALSE;130;1991;1991;Aventure, Policier;Etats-Unis;
1561;Rithy Panh;L'image manquante;L'image manquante;Documentaire;FALSE;FALSE;95;2013;2013;France, Cambodge;Cambodge, France;
1562;Rob Bowman;Le règne du feu;Le règne du feu;Film;FALSE;FALSE;102;2002;2002;Fantasy, Action;Royaume-Uni, Irlande;
1563;Rob Marshall;Chicago;Chicago;Film;FALSE;FALSE;113;2002;2002;Comédie musicale, Policier;États-Unis, Allemagne;
1564;Rob Marshall;Mary Poppins Returns;Mary Poppins Returns;Film;FALSE;FALSE;131;2018;2018;Comédie musicale, Fantastique, Famille;États-Unis, Royaume-Uni;
1565;Rob Marshall;Mémoires d'une geisha;Memoirs of a Geisha;Film;FALSE;FALSE;145;2005;2005;Drame, Romance;États-Unis;
1566;Rob Reiner;Misery;Misery;Film;FALSE;FALSE;107;1990;1990;Thriller, Horreur;États-Unis;
1567;Rob Reiner;Quand Harry rencontre Sally...;When Harry Met Sally...;Film;FALSE;FALSE;96;1989;1989;Comédie romantique;États-Unis;
1568;Robert Arthur;Shenandoah;James Stewart 2 Shenandoah;Film;FALSE;TRUE;98;1965;1965;Western;États-Unis;
1569;Robert Bresson;Au hasard Balthazar;Au hasard Balthazar;Film;FALSE;TRUE;95;1966;1966;Drame;France, Suède;
1570;Robert Bresson;L'Argent;L'Argent;Film;FALSE;FALSE;85;1983;1983;Drame;France, Suisse;
1571;Robert Bresson;Les dames du bois de Boulogne;Les dames du bois de Boulogne;Film;FALSE;TRUE;86;1945;1945;Drame, Romance;France;
1572;Robert Bresson;Pickpocket;Pickpocket;Film;FALSE;TRUE;76;1959;1959;France;France;
1573;Robert Bresson;Procès de Jeanne d'Arc;Procès de Jeanne d'Arc;Film;FALSE;TRUE;65;1962;1962;France;France;
1574;Robert De Niro;Il était une fois le Bronx;A Bronx Tale;Film;FALSE;FALSE;122;1993;1993;Drame, Policier;États-Unis;
1575;Robert Eggers;The Northman;The Northman;Film;FALSE;FALSE;137;2022;2022;Aventure, Drame, Historique;États-Unis, Royaume-Uni;
1576;Robert Enrico;La Révolution française, 1ère partie;La Révolution française;Film;FALSE;FALSE;170;1989;1989;Historique, Drame;France, Italie, Canada, Royaume-Uni, Allemagne;
1577;Robert Enrico;Le secret;Le secret;Film;FALSE;FALSE;102;1974;1974;Drame, Thriller;France;
1578;Robert Enrico;Le Vieux Fusil;Le vieux fusil;Film;FALSE;FALSE;102;1975;1975;Drame, Guerre;France, Italie;
1579;Robert Enrico;Les Aventuriers;Les aventuriers;Film;FALSE;FALSE;110;1967;1967;Aventure, Policier;France, Italie;
1580;Robert Enrico;Les Grandes Geules;Les Grandes Geules;Film;FALSE;FALSE;120;1965;1965;Comédie dramatique;France;
1581;Robert Flaherty;Nanouk l'Esquimau;Nanook of the North;Documentaire;TRUE;TRUE;79;1922;1922;Documentaire;Etats-Unis, France;
1582;Robert Greenwald;Xanadu;Xanadu;Film;FALSE;FALSE;96;1980;1980;Comédie musicale;États-Unis;
1583;Robert Guédiguian;Marius et Jeannette;Marius et Jeannette;Film;FALSE;FALSE;102;1997;1997;Comédie dramatique;France;
1584;Robert Hossein;Les Misérables;Les Misérables;Film;FALSE;FALSE;220;1982;1982;Drame;France, Allemagne;
1585;Robert Iscove;Without Warning;Without Warning;Téléfilm;FALSE;FALSE;92;1994;1994;Science-fiction;Etats-Unis;
1586;Robert Kenner;1980 - Accident nucléaire en Arkansas;Command and Control;Documentaire;FALSE;FALSE;80;2016;2016;Documentaire, Société;Etats-Unis;
1587;Robert Kenner;Food, Inc.;Food, Inc.;Documentaire;FALSE;FALSE;94;2008;2008;Documentaire;États-Unis;
1588;Robert Kramer;Route One USA 1ère partie;Route One USA 1ère partie;Documentaire;FALSE;FALSE;90;1989;1989;Documentaire, Essai;France, Royaume Uni, Italie;
1589;Robert Kramer;Route One USA 2è partie;Route One USA 2è partie;Documentaire;FALSE;FALSE;95;1989;1989;Documentaire, Essai;France, Royaume Uni, Italie;
1590;Robert Lorenz;Le Vétéran;The Marksman;Film;FALSE;FALSE;108;2021;2021;Action, Drame;États-Unis;
1591;Robert Luketic;Las Vegas 21;Las Vegas 21;Film;FALSE;FALSE;123;2008;2008;Thriller, Drame;États-Unis;
1592;Robert Luketic;Las Vegas 21;21;Film;FALSE;FALSE;123;2008;2008;Thriller, Drame;États-Unis;
1593;Robert Redford;Et au milieu coule une rivière;A River Runs Through It;Film;FALSE;FALSE;123;1992;1992;Drame;États-Unis;
1594;Robert Redford;L'homme qui murmurait à l'oreille des chevaux;The Horse Whisperer;Film;FALSE;FALSE;169;1998;1998;Drame;États-Unis;
1595;Robert Rodriguez;Hypnotic;Hypnotic;Film;FALSE;FALSE;93;2023;2023;Thriller, Science-fiction;États-Unis;
1596;Robert Rodriguez;Once upon a Time in Mexico. Desperado 2;Once upon a Time in Mexico. Desperado 2;Film;FALSE;FALSE;102;2003;2003;Action, Comédie;États-Unis;
1597;Robert Rodriguez;Une nuit en enfer;From Dusk Till Dawn;Film;FALSE;FALSE;108;1996;1996;Épouvante - Horreur, Comédie;États-Unis;
1598;Robert Schwentke;Flight Plan;Flightplan;Film;FALSE;FALSE;98;2005;2005;Thriller, Action;États-Unis;
1599;Robert Stevenson;Mary Poppins;Mary Poppins;Film;FALSE;FALSE;139;1964;1964;Comédie musicale, Fantastique, Famille;Royaume-Uni, États-Unis;
1600;Robert Wiene;Le cabinet du Docteur Caligari;Das Cabinet des Dr. Caligari;Film;TRUE;TRUE;77;1920;1920;Allemagne;Allemagne;
1601;Robert Wise;La Mélodie du bonheur;The Sound of Music;Film;FALSE;FALSE;174;1965;1965;Comédie musicale, Drame;États-Unis;
1602;Robert Wise;Le jour où la Terre s'arrêta;The Day the Earth Stood Still;Film;FALSE;TRUE;92;1951;1951;Science-fiction;États-Unis;
1603;Robert Wise;Le mystère Andromède;Andromeda Strain;Film;FALSE;FALSE;131;1971;1971;Science-fiction, Thriller;États-Unis;
1604;Robert Wise;Star !;Star !;Film;FALSE;FALSE;175;1968;1968;Comédie musicale, Biopic;États-Unis;
1605;Robert Wise;Star Trek, le film;Star Trek: The Motion Picture;Film;FALSE;FALSE;132;1979;1979;Science-fiction, Aventure;États-Unis;
1606;Robert Wise;West Side Story;West Side Story;Film;FALSE;FALSE;153;1961;1961;Comédie musicale, Drame;États-Unis;
1607;Robert Zemeckis;Contact;Contact;Film;FALSE;FALSE;150;1997;1997;Science-fiction, Drame;États-Unis;
1608;Robert Zemeckis;Forrest Gump;Forrest Gump;Film;FALSE;FALSE;142;1994;1994;Comédie dramatique;États-Unis;
1609;Robert Zemeckis;La Légende de Beowulf;La Légende de Beowulf;Film;FALSE;FALSE;115;2007;2007;Animation, Fantasy, Aventure;États-Unis, Royaume-Uni;
1610;Robert Zemeckis;Le Pole Express (2 DVD);Le Pole Express (2 DVD);Film;FALSE;FALSE;100;2004;2004;Animation, Fantastique, Famille;États-Unis;
1611;Robert Zemeckis;Qui veut la peau de Roger Rabbit?;Qui veut la peau de Roger Rabbit?;Film;FALSE;FALSE;104;1988;1988;Animation, Comédie, Policier;États-Unis;
1612;Robert Zemeckis;Retour vers le futur;Retour vers le futur;Film;FALSE;FALSE;116;1985;1985;Comédie, Science-fiction;États-Unis;
1613;Robert Zemeckis;Retour vers le futur 2;Retour vers le futur 2;Film;FALSE;FALSE;108;1989;1989;Comédie, Science-fiction;États-Unis;
1614;Robert Zemeckis;Retour vers le futur 3;Retour vers le futur 3;Film;FALSE;FALSE;118;1990;1990;Comédie, Science-fiction;États-Unis;
1615;Roberto Rossellini;Allemagne année zéro;Allemagne année zéro;Film;FALSE;TRUE;78;1948;1948;Drame;Italie, France, Allemagne;
1616;Roberto Rossellini;Anno Uno;Anno Uno;Film;FALSE;FALSE;120;1974;1974;Drame, Historique, Biopic;Italie;
1617;Roberto Rossellini;Onze Fioretti de Saint François d'Assise;Onze Fioretti de Saint François d'Assise;Film;FALSE;TRUE;83;1950;1950;Drame;Italie;
1618;Roberto Rossellini;Païsa;Paisa;Film;FALSE;TRUE;126;1946;1946;Guerre;Italie;
1619;Roberto Rossellini;Rome Ville Ouverte;Rome Ville Ouverte;Film;FALSE;TRUE;100;1945;1945;Guerre, Drame;Italie;
1620;Roberto Rossellini;Socrate;Socrate;Téléfilm;FALSE;FALSE;100;1971;1971;Drame;Espagne, France, Italie;
1621;Roberto Rossellini;Stromboli;Stromboli;Film;FALSE;FALSE;107;1950;1950;Drame;Italie;
1622;Roberto Rossellini;Voyage en Italie;Viaggio in Italia;Film;FALSE;FALSE;85;1954;1954;Drame, Romance;Italie;
1623;Robin Aubert;Tuktuq;Tuktuq;Documentaire;FALSE;FALSE;97;2016;2016;Documentaire;Canada (Québec);
1624;Robin Swicord;Lettre ouverte à Jane Austen;The Jane Austen Book Club;Film;FALSE;FALSE;106;2007;2007;Comédie dramatique, Romance;États-Unis;
1625;Roger Corman;The Trip;The Trip;Film;FALSE;FALSE;80;1967;1967;Comédie dramatique, Drame;États-Unis;
1626;Roger Donaldson;La Recrue;The Recruit;Film;FALSE;FALSE;106;2003;2003;Thriller, Action;États-Unis;
1627;Roger Donaldson;Le Pic de Dante;Dante's Peak;Film;FALSE;FALSE;108;1997;1997;Catastrophe, Action;États-Unis;
1628;Roger Donaldson;Thirteen Days;Thirteen Days;Film;FALSE;FALSE;145;2000;2000;Drame, Historique, Politique;États-Unis;
1629;Roger Michell;Coup de foudre à Notting Hill;Notting Hill;Film;FALSE;FALSE;124;1999;1999;Comédie romantique;Royaume-Uni, États-Unis;
1630;Roger Mitchell;Notting Hill;Notting Hill;Film;FALSE;FALSE;124;1999;1999;Comédie romantique;Royaume-Uni, États-Unis;
1631;Roger Spottiswoode;À l'aube du 6ème jour;The 6th Day;Film;FALSE;FALSE;123;2000;2000;Action, Science-fiction;États-Unis;
1632;Roger Spottiswoode;Demain ne meurt jamais;Tomorrow Never Dies;Film;FALSE;FALSE;119;1997;1997;Action, Espionnage;Royaume-Uni, États-Unis;
1633;Roger Spottiswoode;James Bond 007 -18 Demain ne meurt jamais;Tomorrow Never Dies;Film;FALSE;FALSE;119;1997;1997;Action, Espionnage;Royaume-Uni, États-Unis;
1634;Roger Spottiswoode;Les orphelins de Huang Shi;Les orphelins de Huang Shi;Film;FALSE;FALSE;129;2008;2008;Drame, Guerre;Chine, Allemagne;
1635;Roger Vadim;Les liaisons dangereuses;Les liaisons dangereuses;Film;FALSE;TRUE;110;1960;1960;France;France;
1636;Roland Emmerich;Independence Day : Le Jour de la riposte;Independence Day;Film;FALSE;FALSE;145;1996;1996;Science-fiction, Action, Catastrophe;États-Unis;
1637;Roland Emmerich;Independence Day Resurgence;Independence Day Resurgence;Film;FALSE;FALSE;120;2016;2016;Science-fiction, Action;États-Unis;
1638;Roland Emmerich;Le Jour d'après;The Day After Tomorrow;Film;FALSE;FALSE;124;2004;2004;Catastrophe, Science-fiction;États-Unis;
1639;Roland Emmerich;Midway;Midway;Film;FALSE;FALSE;138;2019;2019;Guerre, Historique;Etats-Unis;
1640;Roland Emmerich;The Patriot : Le Chemin de la liberté;The Patriot;Film;FALSE;FALSE;164;2000;2000;Guerre, Historique, Action;États-Unis;
1641;Roland Joffé;La déchirure;The Killing Fields;Film;FALSE;FALSE;141;1984;1984;Guerre, Drame, Historique;Royaume-Uni;
1642;Roman Polanski;Chinatown;Chinatown;Film;FALSE;FALSE;130;1974;1974;Policier, Film noir, Drame;États-Unis;
1643;Roman Polanski;Le Bal des vampires;Dance of the Vampires;Film;FALSE;FALSE;107;1967;1967;Comédie, Fantastique, Horreur;Royaume-Uni, États-Unis;
1644;Roman Polanski;Le locataire;Le locataire;Film;FALSE;FALSE;126;1976;1976;Drame, Fantastique, Thriller;France;
1645;Roman Polanski;Le Pianiste;The Pianist;Film;FALSE;FALSE;150;2002;2002;Drame, Guerre, Biopic;France, Allemagne, Royaume-Uni, Pologne;
1646;Roman Polanski;Tess;Tess;Film;FALSE;FALSE;123;1979;1979;Drame, Romance;Royaume-Uni;
1647;Ron Howard;Anges & Démons;Angels & Demons;Film;FALSE;FALSE;138;2009;2009;Thriller;États-Unis;
1648;Ron Howard;Apollo 13;Apollo 13;Film;FALSE;FALSE;140;1995;1995;Aventure, Drame, Historique;États-Unis;
1649;Ron Howard;Da Vinci Code;The Da Vinci Code;Film;FALSE;FALSE;149;2006;2006;Thriller, Mystère;États-Unis;
1650;Ron Howard;Disparues;The Missing;Film;FALSE;FALSE;137;2003;2003;Western, Drame;États-Unis;
1651;Ron Howard;Frost/Nixon, l'heure de vérité;Frost/Nixon;Film;FALSE;FALSE;122;2008;2008;Drame, Historique, Biopic;Royaume-Uni, États-Unis, France;
1652;Ron Howard;Un homme d'exception;A Beautiful Mind;Film;FALSE;FALSE;135;2001;2001;Biopic, Drame;Etats-Unis;
1653;Ronald Neame;L'Aventure du Poséidon;The Poseidon adventure;Film;FALSE;FALSE;117;1972;1972;Catastrophe, Drame;Etats-Unis;
1654;Ronald Neame;Meteor;Meteor;Film;FALSE;FALSE;107;1979;1979;Catastrophe, Drame;Etats-Unis;
1655;Ruben Östlund;Sans Filtre;Triangle of Sadness;Film;FALSE;FALSE;148;2022;2022;Comédie dramatique;Suède, Allemagne, France, Royaume-Uni;
1656;Ruben Östlund;Snow Therapy;Turist;Film;FALSE;FALSE;119;2014;2014;Suède, Danemark;Suède, France, Norvège;
1657;Rudolph Maté;La bataille des Thermopyles;The 300 Spartans;Film;FALSE;FALSE;108;1962;1962;Historique, Guerre, Péplum;États-Unis;
1658;Ruper Julian;Le fantôme de l'Opéra;The Phantom of the Opera;Film;TRUE;TRUE;93;1925;1925;Épouvante, Drame;États-Unis;
1659;Rupert Sanders;Blanche-Neige et le Chasseur;Snow White and the Huntsman;Film;FALSE;FALSE;127;2012;2012;Fantasy, Action, Aventure;États-Unis;
1660;Rupert Wyatt;La Planète des singes - Les Origines;La Planète des singes - Les Origines;Film;FALSE;FALSE;105;2011;2011;Science-fiction, Action;Etats-Unis;
1661;Ruppert Wyatt;Rise of the Planet of the Apes;Rise of the Planet of the Apes;Film;FALSE;FALSE;105;2011;2011;Science-fiction, Action;États-Unis;
1662;Russell Mulcahy;Highlander;Highlander;Film;FALSE;FALSE;116;1986;1986;Fantastique, Action;Royaume-Uni, États-Unis;
1663;Russell; Chuck;L'Effaceur / Eraser;L'Effaceur / Eraser;Film;FALSE;FALSE;115;1996;1996;Action, Thriller;États-Unis
1664;Ryan Fleck;Half Nelson;Half Nelson;Film;FALSE;FALSE;106;2006;2006;Drame;États-Unis;
1665;Sacha Guitry;Ils étaient neuf célibataires;Ils étaient neuf célibataires;Film;FALSE;TRUE;100;1939;1939;Comédie;France;
1666;Sally Potter;The Party;The Party;Film;FALSE;TRUE;71;2017;2017;Drame;Royaume-Uni;
1667;Sam Mendes;1917;1917;Film;FALSE;FALSE;119;2019;2019;Drame, Guerre;Royaume-Uni, Etats-Unis;
1668;Sam Mendes;American Beauty;American Beauty;Film;FALSE;FALSE;122;1999;1999;Drame;Etats-Unis;
1669;Sam Mendes;James Bond 007 -23 Skyfall;Skyfall;Film;FALSE;FALSE;143;2012;2012;Action, Espionnage;Royaume-Uni, États-Unis;
1670;Sam Mendes;James Bond 007 -24 Spectre;Spectre;Film;FALSE;FALSE;148;2015;2015;Action, Espionnage;Royaume-Uni, États-Unis;
1671;Sam Mendes;Les sentiers de la perdition;Road to Perdition;Film;FALSE;FALSE;117;2002;2002;Drame, Policier;États-Unis;
1672;Sam Peckinpah;Croix de Fer;Cross of Iron;Film;FALSE;FALSE;133;1977;1977;Guerre, Drame;Allemagne, Royaume-Uni;
1673;Sam Raimi;Mort ou Vif (The Quick and the Dead);Mort ou Vif (The Quick and the Dead);Film;FALSE;FALSE;103;1995;1995;Western, Comédie;États-Unis;
1674;Sammy Baloji;L'Arbre de l'authenticité;L'Arbre de l'authenticité;Documentaire;FALSE;FALSE;22;2025;2025;France;Belgique, République Démocratique du Congo;
1675;Sandhya Suri;Santosh;Santosh;Film;FALSE;FALSE;127;2024;2024;Drame;Inde, Royaume-Uni, Allemagne, France;
1676;Sanjay Leela Bhansali;Devdas;Devdas;Film;FALSE;FALSE;185;2002;2002;Inde;Inde;
1677;Satyajit Ray;La Déesse;La Déesse;Film;FALSE;FALSE;93;1960;1960;Drame;Inde;
1678;Satyajit Ray;Le Saint;Mahapurush;Film;FALSE;FALSE;66;1965;1965;Comédie dramatique;Inde;
1679;Satyajit Ray;Le salon de musique;Jalsaghar;Film;FALSE;FALSE;100;1958;1958;Inde;Inde;
1680;Saul Dibb;The Duchess;The Duchess;Film;FALSE;FALSE;105;2008;2008;Historique, Drame;Royaume-Uni, France;
1681;Scott Cooper;Crazy Heart;Crazy Heart;Film;FALSE;FALSE;112;2009;2009;Drame, Musical;États-Unis;
1682;Scott Derrickson;Le jour où la Terre s'arrêta;The Day the Earth Stood Still;Film;FALSE;FALSE;104;2008;2008;Science-fiction;États-Unis;
1683;Scott Hicks;Le goût de la vie;No Reservations;Film;FALSE;FALSE;104;2007;2007;Comédie romantique;États-Unis;
1684;Sean Penn;Into the Wild;Into the Wild;Film;FALSE;FALSE;148;2007;2007;Drame, Aventure, Biopic;États-Unis;
1685;Sean Price Williams;The Sweet East;The Sweet East;Film;FALSE;FALSE;104;2023;2023;Aventure, Drame, Fantastique;Etats-Unis;
1686;Serge Bromberg & Ruxandra Medrea;L'Enfer d'Henri-Georges Clouzot;L'Enfer d'Henri-Georges Clouzot;Film;FALSE;FALSE;99;;1964 / 2010;Documentaire, Cinéma;France;
1687;Sergio Leone;Il était une fois dans l'Ouest;C'era una volta il West;Film;FALSE;FALSE;175;1968;1968;Western;Italie, États-Unis;
1688;Sergio Leone;Il était une fois en Amérique;Once upon a time in America;Film;FALSE;FALSE;229;1984;1984;Gangster, Drame;Etats-Unis, Italie;
1689;Sergio Leone;Le Bon, la Brute et le Truand;Le Bon, la Brute et le Truand;Film;FALSE;FALSE;161;1966;1966;Western;Italie, Espagne, Allemagne de l'Ouest;
1690;Sergueï Bondartchouk;Guerre et Paix;Guerre et Paix;Film;FALSE;FALSE;431;1966;1966;URSS;URSS;
1691;Sergueï Bondartchouk;Guerre et Paix. DVD1 : André Bolkonsky;Guerre et Paix. DVD1 : André Bolkonsky;Film;FALSE;FALSE;150;1966;1966;Historique, Guerre, Drame;URSS;
1692;Sergueï Bondartchouk;Guerre et Paix. DVD2 : Natacha Rostova;Guerre et Paix. DVD2 : Natacha Rostova;Film;FALSE;FALSE;100;1966;1966;Historique, Guerre, Drame;URSS;
1693;Sergueï Bondartchouk;Guerre et Paix. DVD3 : 1812;Guerre et Paix. DVD3 : 1812;Film;FALSE;FALSE;90;1966;1966;Historique, Guerre, Drame;URSS;
1694;Sergueï Bondartchouk;Guerre et Paix. DVD4: Pierre Besoukhov;Guerre et Paix. DVD4: Pierre Besoukhov;Film;FALSE;FALSE;140;1966;1966;Historique, Guerre, Drame;URSS;
1695;Sergueï Bondartchouk;Guerre et Paix. DVD5: Bonus;Guerre et Paix. DVD5: Bonus;Film;FALSE;FALSE;;1966;1966;Documentaire, Cinéma;URSS;
1696;Sergueï Bondartchouk;Waterloo;Waterloo;Film;FALSE;FALSE;135;1970;1970;Drame, Guerre, Historique;Italie, Union Soviétique;
1697;Sergueï Eisenstein;Alexandre Nevski;Aleksandr Nevskiy;Film;TRUE;TRUE;112;1938;1938;Historique, Guerre;Union Soviétique;
1698;Sergueï Eisenstein;Ivan le Terrible;Ivan Grozny;Film;FALSE;TRUE;99;1944;1944;Historique, Drame;Union Soviétique;
1699;Sergueï Eisenstein;Ivan le Terrible II;Ivan Groznyy II: Boyarsky zagovor;Film;FALSE;TRUE;88;1958;1958;Historique, Drame;Union Soviétique;
1700;Sergueï Eisenstein;La Grève;Stachka;Film;TRUE;TRUE;82;1925;1925;URSS;Union Soviétique;
1701;Sergueï Eisenstein;La ligne générale;Staroye i novoye;Film;FALSE;TRUE;121;1929;1929;Drame;Union Soviétique;
1702;Sergueï Eisenstein;Le cuirassé Potemkine;Bronenosets Potyomkin;Film;TRUE;TRUE;75;1925;1925;URSS;Union Soviétique;
1703;Sergueï Eisenstein;Octobre;Oktyabr;Film;TRUE;TRUE;104;1928;1928;URSS;Union Soviétique;
1704;Sergueï Eisenstein;Que viva Mexico!;Que viva Mexico! Da zdravstvuyet Meksika!;Film;FALSE;FALSE;65;1979;1979;Documentaire;Union Soviétique;
1705;Shaji N. Karun;Vanaprastham - La dernière danse;Vanaprastham;Film;FALSE;FALSE;131;1999;1999;Inde;France, Inde, Allemagne;
1706;Sharon Maguire;Le Journal de Bridget Jones;Bridget Jones's Diary;Film;FALSE;FALSE;97;2001;2001;Comédie romantique;Royaume-Uni, France;
1707;Sharpsteen; Ben & al.;Pinocchio;Pinocchio;Long-métrage d'animation;FALSE;FALSE;88;1940;1940;Animation, Fantasy;États-Unis
1708;Shekhar Kapur;Elizabeth;Elizabeth;Film;FALSE;FALSE;124;1998;1998;Historique, Drame, Biopic;Royaume-Uni;
1709;Shekhar Kapur;Elizabeth - L'âge d'or;Elizabeth: The Golden Age;Film;FALSE;FALSE;114;2007;2007;Historique, Drame, Biopic;Royaume-Uni, France;
1710;Shirley Clarke;Bridges-go-round;Bridges-go-round;Court-métrage;FALSE;FALSE;4;1958;1958;Expérimental;Etats-Unis;
1711;Shirley Clarke;Dance in the Sun;Dance in the Sun;Court-métrage;FALSE;FALSE;7;1953;1953;Danse;Etats-Unis;
1712;Shôhei Imamura;La ballade de Narayama;Narayama bushika;Film;FALSE;FALSE;130;1983;1983;Drame;Japon;
1713;Sidney Lanfield;La cité de la peur;Station West;Film;FALSE;TRUE;81;1948;1948;Western;États-Unis;
1714;Sidney Lanfield;La cité de la peur;Station West;Film;FALSE;TRUE;81;1948;1948;Western;États-Unis;
1715;Sidney Lumet;Douze hommes en colère;Twelve Angry Men;Film;FALSE;TRUE;96;1957;1957;Drame, Judiciaire;États-Unis;
1716;Simon Curtis;La femme au tableau;Woman in Gold;Film;FALSE;FALSE;107;2015;2015;Drame;Etats-Unis, Royaume-Uni;
1717;Simon Curtis;My week with Marilyn;My week with Marilyn;Film;FALSE;FALSE;99;2011;2011;Drame, Biopic;Royaume-Uni;
1718;Simon Kinberg;X-Men Dark Phoenix;X-Men Dark Phoenix;Film;FALSE;FALSE;114;2019;2019;Action, Super-héros;Etats-Unis;
1719;Simon Wells;La Machine à explorer le temps;The Time Machine;Film;FALSE;FALSE;96;2002;2002;Science-fiction, Aventure;États-Unis;
1720;Simon Wells;The Time Machine (2002);The Time Machine (2002);Film;FALSE;FALSE;96;2002;2002;Science-fiction;États-Unis;
1721;Simon West;Les Ailes de l'enfer;Con Air;Film;FALSE;FALSE;108;1997;1997;Action, Comédie;États-Unis;
1722;Sofia Coppola;Lost in Translation;Lost in Translation;Film;FALSE;FALSE;102;2003;2003;Comédie dramatique;États-Unis, Japon;
1723;Sofia Coppola;Marie-Antoinette;Marie Antoinette;Film;FALSE;FALSE;123;2006;2006;Historique, Drame;Etats-Unis, France, Japon;
1724;Sofia Coppola;Virgin Suicides;The Virgin Suicides;Film;FALSE;FALSE;97;1999;1999;Drame;États-Unis;
1725;Spike Jonze;Adaptation;Adaptation;Film;FALSE;FALSE;115;2002;2002;Comédie dramatique;Etats-Unis;
1726;Spike Jonze;Her;Her;Film;FALSE;FALSE;126;2013;2013;Science-fiction, Romance, Drame;États-Unis;
1727;Stan Brakhage & Joseph Cornell;Centuries of June;Centuries of June;Court-métrage;FALSE;FALSE;11;1955;1955;Expérimental, Muet;Etats-Unis;
1728;Stan Brakhage & Joseph Cornell;The Wonder Ring;The Wonder Ring;Court-métrage;FALSE;FALSE;6;1955;1955;Expérimental;Etats-Unis;
1729;Stanley Donen;Charade;Charade;Film;FALSE;FALSE;113;1963;1963;Comédie, Thriller, Romance;États-Unis;
1730;Stanley Donen;Drôle de frimousse;Funny Face;Film;FALSE;FALSE;103;1957;1957;Comédie musicale, Romance;États-Unis;
1731;Stanley Donen;Mariage Royal / Royal Wedding;Mariage Royal / Royal Wedding;Film;FALSE;FALSE;93;1951;1951;Comédie musicale, Romance;États-Unis;
1732;Stanley Donen & Gene Kelly;Chantons sous la pluie;Singin' in the Rain;Film;FALSE;FALSE;103;1952;1952;Comédie musicale;États-Unis;
1733;Stanley Kubrick;2001: L'Odyssée de l'espace (éd. Collector 2 DVD);2001: A Space Odyssey;Film;FALSE;FALSE;149;1968;1968;Science-fiction;Etats-Unis, Royaume-Uni;
1734;Stanley Kubrick;Barry Lyndon;Barry Lyndon;Film;FALSE;FALSE;185;1975;1975;Drame, Historique;Royaume-Uni, États-Unis;
1735;Stanley Kubrick;Docteur Folamour;Dr. Strangelove or: How I Learned to Stop Worrying and Love the Bomb;Film;FALSE;TRUE;95;1964;1964;Royaume-Uni;Royaume-Uni, Etats-Unis;
1736;Stanley Kubrick;Eyes Wide Shut;Eyes Wide Shut;Film;FALSE;FALSE;159;1999;1999;Drame, Thriller érotique;États-Unis, Royaume-Uni;
1737;Stanley Kubrick;Full Metal Jacket;Full Metal Jacket;Film;FALSE;FALSE;116;1987;1987;Guerre, Drame;Royaume-Uni, États-Unis;
1738;Stanley Kubrick;Le baiser du tueur;Le baiser du tueur;Film;FALSE;TRUE;67;1955;1955;Film noir, Policier;États-Unis;
1739;Stanley Kubrick;Les Sentiers de la gloire;Paths of Glory;Film;FALSE;TRUE;88;1957;1957;Guerre, Drame;États-Unis;
1740;Stanley Kubrick;Lolita;Lolita;Film;FALSE;TRUE;153;1962;1962;Drame;États-Unis, Royaume-Uni;
1741;Stanley Kubrick;L'ultime razzia;L'ultime razzia;Film;FALSE;TRUE;83;1956;1956;Policier, Film noir;États-Unis;
1742;Stanley Kubrick;Orange mécanique;A Clockwork Orange;Film;FALSE;FALSE;136;1971;1971;Science-fiction, Drame;Royaume-Uni;
1743;Stanley Kubrick;Shining;The Shining;Film;FALSE;FALSE;144;1980;1980;Épouvante - Horreur, Thriller;Royaume-Uni, Etats-Unis;
1744;Stanley Kubrick;Spartacus;Spartacus;Film;FALSE;FALSE;197;1960;1960;Historique, Péplum, Drame;États-Unis;
1745;Stefen Fangmeier;Eragon;Eragon;Film;FALSE;FALSE;104;2006;2006;Fantasy, Aventure;États-Unis;
1746;Stellan Rye et Paul Wegener;L'étudiant de Prague;Der Student von Prag;Film;TRUE;TRUE;85;1913;1913;Allemagne;Allemagne;
1747;Stellio Lorenzo & Alain Decaux;La Terreur et la Vertu 1 - Danton;La Terreur et la Vertu 1 - Danton;Téléfilm;FALSE;FALSE;60;1964;1964;Historique;France;
1748;Stellio Lorenzo & Alain Decaux;La Terreur et la Vertu 2 - Robespierre;La Terreur et la Vertu 2 - Robespierre;Téléfilm;FALSE;FALSE;60;1964;1964;Historique;France;
1749;Stéphane Brizé;En guerre;En guerre;Film;FALSE;FALSE;113;2018;2018;Drame;France;
1750;Stéphane Brizé;La loi du marché;La loi du marché;Film;FALSE;FALSE;92;2015;2015;Drame;France;
1751;Stéphane Brizé;Mademoiselle Chambon;Mademoiselle Chambon;Film;FALSE;FALSE;101;2009;2009;Drame, Romance;France;
1752;Stéphane Brizé;Un autre monde;Un autre monde;Film;FALSE;FALSE;96;2020;2020;Drame;France;
1753;Stéphane Demoustier;La fille au bracelet;La fille au bracelet;Film;FALSE;FALSE;96;2020;2020;Drame, Policier;France, Belgique;
1754;Stéphane Lafleur;Continental, un film sans fusil;Continental, un film sans fusil;Film;FALSE;FALSE;101;2007;2007;Comédie dramatique;Canada (Québec);
1755;Stéphane Lafleur;En terrains connus;En terrains connus;Film;FALSE;FALSE;96;2011;2011;Comédie dramatique;Canada;
1756;Stéphane Lafleur;Tu dors Nicole ?;Tu dors Nicoles ?;Film;FALSE;TRUE;93;2014;2014;Comédie dramatique;Canada (Québec);
1757;Stéphane Lafleur;Viking. On dirait la planète Mars;Viking. On dirait la planète Mars;Film;FALSE;FALSE;97;2022;2022;Comédie dramatique;Canada (Québec);
1758;Stephen Cornwell;Philadelphia Experiment 2;Philadelphia Experiment 2;Film;FALSE;FALSE;96;1993;1993;Science-fiction, Thriller;États-Unis;
1759;Stephen Daldry;The Hours;The Hours;Film;FALSE;FALSE;114;2002;2002;Drame;États-Unis, Royaume-Uni;
1760;Stephen Daldry;The Reader / Le Liseur;The Reader / Le Liseur;Film;FALSE;FALSE;124;2008;2008;Drame, Romance;Allemagne, États-Unis;
1761;Stephen Frears;Dirty pretty things (Loin de chez eux);Dirty pretty things;Film;FALSE;FALSE;97;2002;2002;Drame, Thriller;Royaume-Uni;
1762;Stephen Frears;Les liaisons dangereuses;Les liaisons dangereuses;Film;FALSE;FALSE;119;1988;1988;Drame, Romance;Royaume-Uni, France;
1763;Stephen Frears;Prick up your Ears;Prick up your Ears;Film;FALSE;FALSE;103;2007;2007;Biopic, Drame;Royaume-Uni;
1764;Stephen Frears;Tamara Drewe;Tamara Drewe;Film;FALSE;FALSE;110;2010;2010;Comédie dramatique;Royaume-Uni;
1765;Stephen Frears;The Queen;The Queen;Film;FALSE;FALSE;103;2006;2006;Drame, Biopic;Royaume-Uni, France, Italie;
1766;Stephen Gaghan;Syriana;Syriana;Film;FALSE;FALSE;128;2005;2005;Thriller, Drame;Etats-Unis, Emirats Arabes Unis;
1767;Stephen Hopkins;Predator 2 The Ultimate Hunter;Predator 2;Film;FALSE;FALSE;108;1990;1990;Science-fiction, Action;Etats-Unis;
1768;Stephen Sommers;La Momie;La Momie;Film;FALSE;FALSE;125;1999;1999;Fantastique, Aventure, Action;États-Unis;
1769;Stephen Sommers;Van Helsing;Van Helsing;Film;FALSE;FALSE;131;2004;2004;Fantastique, Action;États-Unis, République tchèque;
1770;Steve Carr;Doctor Dolittle 2;Doctor Dolittle 2;Film;FALSE;FALSE;87;2001;2001;Comédie, Famille;États-Unis;
1771;Steve Carver;Capone;Capone;Film;FALSE;FALSE;101;1975;1975;Policier, Biopic, Gangster;États-Unis;
1772;Steve Kloves;Susie et les Baker Boys;The Fabulous Baker Boys;Film;FALSE;FALSE;114;1989;1989;Comédie dramatique, Drame;États-Unis;
1773;Steve Sekely;Le jour des Triffides;The Day of the Triffids;Film;FALSE;FALSE;94;1963;1963;Science-fiction, Horreur;Royaume-Uni, États-Unis;
1774;Steven Lisberger;Tron 1;Tron;Film;FALSE;FALSE;96;1982;1982;Science-fiction, Aventure;Etats-Unis;
1775;Steven S. DeKnight;Pacific Rim Uprising;Pacific Rim Uprising;Film;FALSE;FALSE;111;2018;2018;Science-fiction, Action;États-Unis;
1776;Steven Soderbergh;Ocean's Eleven;Ocean's Eleven;Film;FALSE;FALSE;116;2001;2001;Policier, Thriller, Comédie;États-Unis;
1777;Steven Soderbergh;Ocean's Twelve;Ocean's Twelve;Film;FALSE;FALSE;125;2004;2004;Policier, Thriller, Comédie;États-Unis;
1778;Steven Soderbergh;Solaris;Solaris;Film;FALSE;FALSE;99;2002;2002;Science-fiction, Drame;États-Unis;
1779;Steven Soderbergh;Traffic;Traffic;Film;FALSE;FALSE;147;2001;2001;Policier, Thriller;États-Unis;
1780;Steven Spielberg;1941;1941;Film;FALSE;FALSE;118;1979;1979;Action, Comédie, Drame, Romance, Guerre;Etats-Unis;
1781;Steven Spielberg;A.I. Intelligence artificielle;A.I. Artificial Intelligence;Film;FALSE;FALSE;146;2001;2001;Science-fiction, Drame;États-Unis;
1782;Steven Spielberg;Always;Always;Film;FALSE;FALSE;123;1989;1989;Drame, Romance, Fantastique;États-Unis;
1783;Steven Spielberg;Amistad;Amistad;Film;FALSE;FALSE;155;1997;1997;Historique, Drame, Biopic;États-Unis;
1784;Steven Spielberg;Dans les coulisses de Jurassic Park;Beyond Jurassic Park DVD 4;Film;FALSE;FALSE;40;;;Documentaire;États-Unis;
1785;Steven Spielberg;Duel;Duel;Téléfilm;FALSE;FALSE;90;1971;1971;Action, Thriller, Road movie;Etats-Unis;
1786;Steven Spielberg;E.T., l'extra-terrestre;E.T. the Extra-Terrestrial;Film;FALSE;FALSE;115;1982;1982;Science-fiction, Drame, Famille;États-Unis;
1787;Steven Spielberg;Empire du soleil;Empire of the Sun;Film;FALSE;FALSE;154;1987;1987;Drame, Guerre, Aventure;États-Unis;
1788;Steven Spielberg;Hook ou la Revanche du capitaine Crochet;Hook;Film;FALSE;FALSE;142;1991;1991;Aventure, Fantasy, Famille;États-Unis;
1789;Steven Spielberg;Indiana Jones et la Dernière Croisade;Indiana Jones and the Last Crusade;Film;FALSE;FALSE;127;1989;1989;Aventure, Action;États-Unis;
1790;Steven Spielberg;Indiana Jones et le Royaume du crâne de cristal;Indiana Jones and the Kingdom of the Crystal Skull;Film;FALSE;FALSE;122;2008;2008;Aventure, Action;États-Unis;
1791;Steven Spielberg;Indiana Jones et le Temple maudit;Indiana Jones and the Temple of Doom;Film;FALSE;FALSE;118;1984;1984;Aventure, Action;Etats-Unis;
1792;Steven Spielberg;Jurassic Park;Jurassic Park DVD 1;Film;FALSE;FALSE;127;1993;1993;Aventure, Science-fiction;Etats-Unis;
1793;Steven Spielberg;Jurassic Park III;Jurassic Park III DVD 3;Film;FALSE;FALSE;92;2001;2001;Aventure, Science-fiction;États-Unis;
1794;Steven Spielberg;Jurassic Park: Le Monde Perdu;Jurassic Park The Lost World DVD 2;Film;FALSE;FALSE;129;1997;1997;Aventure, Science-fiction;États-Unis;
1795;Steven Spielberg;La Guerre des mondes;War of the Worlds;Film;FALSE;FALSE;116;2005;2005;Science-fiction, Action;États-Unis;
1796;Steven Spielberg;La Liste de Schindler;Schindler's List;Film;FALSE;TRUE;195;1993;1993;Historique, Drame, Guerre;États-Unis;
1797;Steven Spielberg;Le Monde perdu : Jurassic Park;The Lost World: Jurassic Park;Film;FALSE;FALSE;129;1997;1997;Aventure, Science-fiction;États-Unis;
1798;Steven Spielberg;Le Terminal;Le Terminal;Film;FALSE;FALSE;128;2005;2005;Comédie, Drame;États-Unis;
1799;Steven Spielberg;Les Aventuriers de l'arche perdue;Raiders of the Lost Ark;Film;FALSE;FALSE;115;1981;1981;Aventure, Action;Etats-Unis;
1800;Steven Spielberg;Les Dents de la mer;Jaws;Film;FALSE;FALSE;124;1975;1975;Épouvante - Horreur, Thriller;États-Unis;
1801;Steven Spielberg;Lincoln;Lincoln;Film;FALSE;FALSE;150;2012;2012;Biopic, Historique, Drame;États-Unis;
1802;Steven Spielberg;Minority Report;Minority Report;Film;FALSE;FALSE;145;2002;2002;Science-fiction, Thriller;États-Unis;
1803;Steven Spielberg;Rencontres du troisième type;Close Encounters of the Third Kind;Film;FALSE;FALSE;135;1977;1977;Science-fiction;États-Unis;
1804;Steven Spielberg;Saving Private Ryan;Saving Private Ryan;Film;FALSE;FALSE;169;1998;1998;Guerre, Drame;États-Unis;
1805;Steven Spielberg;The Color Purple;The Color Purple;Film;FALSE;FALSE;154;1985;1985;Drame;États-Unis;
1806;Steven Spielberg;The Fabelmans;The Fabelmans;Film;FALSE;FALSE;151;2022;2022;Drame, Biopic;Etats-Unis;
1807;Steven Spielberg;The Post. Pentagon Papers;The Post. Pentagon Papers;Film;FALSE;FALSE;116;2017;2017;Drame, Historique;États-Unis;
1808;Stewart Raffill;Philadelphia Experiment;The Philadelphia Experiment;Film;FALSE;FALSE;102;1984;1984;Science-fiction, Thriller;États-Unis;
1809;Stijn Coninx;Marina;Marina;Film;FALSE;FALSE;130;2013;2013;Biopic;Belgique, Italie;
1810;Stuart Gillard;WarGames 2;Wargames: the Dead Code;Film DTV (direct-to-video);FALSE;FALSE;90;2007;2007;Thriller;Etats-Unis;
1811;Stuart Townsend;Bataille à Seattle;Battle in Seattle;Film;FALSE;FALSE;99;2007;2007;Action, Drame;Etats-Unis;
1812;Susan Seidelman;Recherche Susan désespérément;Desperately Seeking Susan;Film;FALSE;FALSE;104;1985;1985;Comédie romantique;États-Unis;
1813;Sydney Pollack;La firme;The Firm;Film;FALSE;FALSE;154;1993;1993;Thriller, Policier;États-Unis;
1814;Sydney Pollack;On Achève bien les Chevaux;On Achève bien les Chevaux;Film;FALSE;FALSE;120;1969;1969;Drame;États-Unis;
1815;Sydney Pollack;Out of Africa - Souvenirs d'Afrique;Out of Africa;Film;FALSE;FALSE;161;1985;1985;Drame, Romance;États-Unis;
1816;Sylvester Stallone;Rocky IV;Rocky IV;Film;FALSE;FALSE;91;1985;1985;Action, Sport;Etats-Unis;
1817;Takashi Ito;Thunder;Thunder;Court-métrage;FALSE;FALSE;5;1982;1982;Expérimental;Japon;
1818;Takashi Koizumi;Après la pluie;Ame agaru;Film;FALSE;FALSE;100;1999;1999;Drame, Jidaigeki;Japon;
1819;Takashi Shimizu;Vol 7500 : aller sans retour;Vol 7500 : aller sans retour;Film;FALSE;FALSE;98;2014;2014;Thriller, Drame;France;
1820;Tassos Boulmetis;Un ciel épicé;Politiki kouzina;Film;FALSE;FALSE;108;2003;2003;Comédie dramatique, Romance;Grèce;
1821;Ted Post;Le Secret de la planète des singes;Beneath the Planet of the Apes;Film;FALSE;FALSE;96;1970;1970;Science-fiction, Action;Etats-Unis;
1822;Terence Young;James Bond 007 -01 James Bond contre Docteur No;Dr. No;Film;FALSE;FALSE;110;1962;1962;Action, Espionnage;Royaume-Uni;
1823;Terence Young;James Bond 007 -02 Bons baisers de Russie;From Russia with Love;Film;FALSE;FALSE;115;1963;1963;Action, Espionnage;Royaume-Uni;
1824;Terence Young;James Bond 007 -04 Opération Tonnerre;Thunderball;Film;FALSE;FALSE;130;1965;1965;Action, Espionnage;Royaume-Uni;
1825;Terrence Malick;La Ligne rouge;The Thin Red Line;Film;FALSE;FALSE;170;1998;1998;Guerre, Drame;États-Unis;
1826;Terrence Malick;Le nouveau monde;The New World;Film;FALSE;FALSE;135;2005;2005;Drame, Historique, Romance;États-Unis, Royaume-Uni;
1827;Terry Gilliam;Brazil;Brazil;Film;FALSE;FALSE;132;1985;1985;Science-fiction, Satire, Fantastique;Royaume-Uni;
1828;Terry Gilliam;Fisher King - Le roi pécheur;The Fisher King;Film;FALSE;FALSE;137;1991;1991;Comédie dramatique, Fantastique;États-Unis;
1829;Terry Gilliam;L'Armée des 12 singes;Twelve Monkeys;Film;FALSE;FALSE;129;1995;1995;Science-fiction, Thriller;États-Unis;
1830;Terry Gilliam;Les aventures du baron de Munchausen;The Adventures of Baron Munchausen;Film;FALSE;FALSE;126;1988;1988;Fantasy, Aventure, Comédie;Royaume-Uni, Allemagne de l'Ouest;
1831;Terry Gilliam;Les aventures du baron de Münchhausen;The Adventures of Baron Munchausen;Film;FALSE;FALSE;126;1988;1988;Aventure, Comédie, Fantastique;Royaume-Uni, République Fédérale d'Allemagne;
1832;Terry Gilliam;Monty Python - Sacré Graal !;Monty Python and the Holy Grail;Film;FALSE;FALSE;92;1975;1975;Comédie;Royaume-Uni;
1833;Terry Gilliam;Monty Python's Life of Brian;Monty Python's Life of Brian;Film;FALSE;FALSE;94;1979;1979;Comédie;Royaume-Uni;
1834;Tetsuya Nomura;Final Fantasy. VII Advent Children (2 DVD);Final Fantasy. VII Advent Children (2 DVD);Film;FALSE;FALSE;101;2005;2005;Animation, Fantasy, Science-fiction;Japon;
1835;Thierry Frémaud;Lumière ! L'aventure commence;Lumière ! L'aventure commence;Documentaire;TRUE;TRUE;95;2017;2017;France;France;
1836;Thierry Michel;L'acier a coulé dans nos veines;L'acier a coulé dans nos veines;Documentaire;FALSE;FALSE;90;2024;2024;Documentaire;Belgique;
1837;Thierry Ragobert;Amazonia;Amazonia;Documentaire;FALSE;FALSE;84;2013;2013;Documentaire, Animalier;France, Brésil;
1838;Thomas Cailley;Le règne animal;Le règne animal;Film;FALSE;FALSE;128;2023;2023;Fantastique, Drame;France;
1839;Thomas Gilou;La Vérité si je mens ! 2;La vérité si je mens! 2;Film;FALSE;FALSE;95;2001;2001;Comédie;France;
1840;Tim Burton;Alice au pays des merveilles;Alice in Wonderland;Film;FALSE;FALSE;108;2010;2010;Fantasy, Aventure;États-Unis, Royaume-Uni;
1841;Tim Burton;Big Fish;Big Fish;Film;FALSE;FALSE;125;2003;2003;Fantastique, Drame;États-Unis;
1842;Tim Burton;Edward aux mains d'argent;Edward Scissorhands;Film;FALSE;FALSE;105;1990;1990;Fantastique, Drame, Romance;États-Unis;
1843;Tim Burton;La Planète des singes;Planet of the Apes;Film;FALSE;FALSE;119;2001;2001;Science-fiction, Action;Etats-Unis;
1844;Tim Burton;Mars Attacks!;Mars Attacks!;Film;FALSE;FALSE;106;1996;1996;Comédie, Science-fiction;États-Unis;
1845;Tim Burton;Planet of the Apes (2001);Planet of the Apes (2001);Film;FALSE;FALSE;119;2001;2001;Science-fiction, Aventure;États-Unis;
1846;Tim Burton;Sleepy Hollow - La Légende du cavalier sans tête;Sleepy Hollow;Film;FALSE;FALSE;105;2000;2000;Fantastique, Horreur;Etats-Unis, Allemagne;
1847;Tim Hill;Alvin et les Chipmunks;Alvin et les Chipmunks;Long-métrage d'animation;FALSE;FALSE;92;2007;2007;Comédie, Animation, Famille;États-Unis;
1848;Tim Johnson;Nos voisins les hommes (Over the Edge);Nos voisins les hommes (Over the Edge);Film;FALSE;FALSE;83;2007;2007;Animation, Comédie, Famille;États-Unis;
1849;Tim Johnson;Sinbad: the Legend of the Seven Seas;Sinbad: the Legend of the Seven Seas;Long-métrage d'animation;FALSE;FALSE;86;2003;2003;Animation, Aventure, Fantasy;États-Unis;
1850;Tim Miller;Terminator 6 - Dark Fate;Terminator 6 - Dark Fate;Film;FALSE;FALSE;128;2019;2019;Science-fiction, Action;États-Unis;
1851;Tim Robbins;Dead Man Walking;Dead Man Walking;Film;FALSE;FALSE;122;2006;2006;Drame;États-Unis;
1852;Tim Smit;Kill Switch;Kill Switch;Film;FALSE;FALSE;90;2017;2017;Thriller, Science-fiction;États-Unis;
1853;Tim Story;Les 4 Fantastiques;Fantastic Four;Film;FALSE;FALSE;106;2005;2005;Super-héros, Science-fiction;États-Unis;
1854;Tim Story;Les 4 Fantastiques et le Surfer d'argent;4: Rise of the Silver Surfer;Film;FALSE;FALSE;92;2007;2007;Super-héros, Science-fiction;États-Unis;
1855;Tinto Brass;Caligula;Caligola;Film;FALSE;FALSE;156;1979;1979;Historique, Érotique, Drame;Italie, États-Unis;
1856;Tobe Hooper;Poltergeist;Poltergeist;Film;FALSE;FALSE;114;1982;1982;Épouvante - Horreur;États-Unis;
1857;Todd Phillips;Joker;Joker;Film;FALSE;FALSE;122;2019;2019;Drame, Thriller, Crime;États-Unis;
1858;Tom Hooper;Le Discours d'un roi;The King's Speech;Film;FALSE;FALSE;118;2010;2010;Historique, Biopic, Drame;Royaume-Uni, Australie;
1859;Tom McCarthy;Stillwater;Stillwater;Film;FALSE;FALSE;140;2022;2022;Drame, Thriller;États-Unis;
1860;Tom McGrath & Eric Darnell;Madagascar;Madagascar;Long-métrage d'animation;FALSE;FALSE;86;2005;2005;Animation, Comédie, Famille;États-Unis;
1861;Tonie Marshall;Vénus beauté (institut);Vénus beauté (institut);Film;FALSE;FALSE;105;1999;1999;Comédie dramatique;France;
1862;Tony Kaye;Detachment;Detachment;Film;FALSE;FALSE;97;2011;2011;Drame;États-Unis;
1863;Tony Scott;Les Prédateurs;The Hunger;Film;FALSE;FALSE;97;1983;1983;Fantastique, Horreur;États-Unis;
1864;Tony Scott;Unstoppable;Unstoppable;Film;FALSE;FALSE;98;2010;2010;Action, Thriller;Etats-Unis;
1865;Tony Scott;USS Alabama;Crimson Tide;Film;FALSE;FALSE;116;1995;1995;Action, Guerre;États-Unis;
1866;Trenor Nunn;Red Joan - Au service secret de Staline;Red Joan - Au service secret de Staline;Film;FALSE;FALSE;110;2019;2019;Drame, Espionnage;Royaume-Uni;
1867;Trevor Nunn;Lady Jane;Lady Jane;Film;FALSE;FALSE;142;1986;1986;Historique, Drame, Romance;Royaume-Uni;
1868;Troupe Poétique Nomade;No Poetry ? No Party ! #1 fiEstivals 4 & 5 (x2);No Poetry ? No Party ! #1 fiEstivals 4 & 5 (x2);Documentaire musical;FALSE;FALSE;90;2012;2012;Documentaire, Musique;France;
1869;Uwe Boll;Darfur;Darfur;Film;FALSE;FALSE;108;2009;2009;Guerre, Drame;Allemagne, États-Unis;
1870;Val Guest & al.;Casino Royale;Casino Royale;Film;FALSE;FALSE;131;1967;1967;Royaume-Uni;Royaume-Uni, Etats-Unis;
1871;Valérie Lemercier;Aline;Aline;Film;FALSE;FALSE;123;2020;2020;Biopic, Comédie dramatique;Canada, France;
1872;Victor Artus Solaro;Un p'tit truc en plus;Un p'tit truc en plus;Film;FALSE;FALSE;98;2024;2024;Comédie;France;
1873;Victor Fleming;Autant en emporte le vent;Gone with the Wind;Film;FALSE;FALSE;238;1939;1939;Drame, Romance, Historique, Guerre;États-Unis;
1874;Victor Sjöström;La lettre écarlate;The Scarlet Letter;Film;TRUE;TRUE;95;1926;1926;Drame;États-Unis;
1875;Victor Sjöström;Le Vent;The Wind;Film;TRUE;TRUE;79;1928;1928;Drame, Western;Etats-Unis;
1876;Victor Sjöström;Terje Vigen;Terje Vigen;Film;TRUE;TRUE;46;1917;1917;Drame;Suède;
1877;Viking Eggeling;Symphonie diagonale;Diagonalsymphonie;Court-métrage;FALSE;TRUE;7;1924;1924;Animation, Expérimental, Musique;Allemagne;
1878;Viktor Kossakovsky;Tishe;Tishe!;Documentaire;FALSE;FALSE;80;2003;2003;Documentaire;Russie;
1879;Vincent Munier;Le Chant des forêts;Le Chant des forêts;Documentaire;FALSE;FALSE;90;2025;2025;France;France;
1880;Vincente Minnelli;Brigadoon;Brigadoon;Film;FALSE;FALSE;108;1954;1954;Comédie musicale, Fantastique;États-Unis;
1881;Vincente Minnelli;Le Chant du Missouri / Meet me in St-Louis;Le Chant du Missouri / Meet me in St-Louis;Film;FALSE;FALSE;113;1944;1944;Comédie musicale;États-Unis;
1882;Vincente Minnelli;Tous en scène !;The Band Wagon;Film;FALSE;FALSE;112;1953;1953;Comédie musicale;États-Unis;
1883;Vincente Minnelli;Un Américain à Paris;An American in Paris;Film;FALSE;FALSE;114;1951;1951;Comédie musicale;États-Unis;
1884;Vincenzo Natali;Cube;Cube;Film;FALSE;FALSE;90;1997;1997;Science-fiction, Horreur, Thriller;Canada;
1885;Vincenzo Natali;Splice;Splice;Film;FALSE;FALSE;104;2009;2009;Science-fiction, Horreur;Canada, États-Unis;
1886;Vittorio De Sica;La ciociara;La ciociara;Film;FALSE;TRUE;100;1960;1960;Guerre, Drame;Italie, France;
1887;Vittorio De Sica;Le Voleur de bicyclette;Ladri di biciclette;Film;FALSE;TRUE;89;1948;1948;Drame;Italie;
1888;Vittorio De Sica;L'or de Naples;L'oro di Napoli;Film;FALSE;FALSE;107;1954;1954;Comédie dramatique;Italie;
1889;Vittorio De Sica;Sciuscia;Sciuscia;Film;FALSE;TRUE;93;1941;1941;Drame;Italie;
1890;Vittorio Taviani & Paolo Taviani;Kaos, contes siciliens;Kaos;Film;FALSE;FALSE;120;1984;1984;Italie;Italie;
1891;Vittorio Taviani & Paolo Taviani;La nuit de San Lorenzo;La Notte di San Lorenzo;Film;FALSE;FALSE;110;1982;1982;Drame;Italie;
1892;Volker Schlöndorff;Le faussaire;Die Fälschung;Film;FALSE;FALSE;115;1981;1981;Drame;Allemagne de l'Ouest;
1893;Volker Schlöndorff;Le Tambour;Die Blechtrommel;Film;FALSE;FALSE;142;1979;1979;Drame, Guerre;Allemagne de l'Ouest, France, Pologne, Yougoslavie;
1894;W.S. Van Dyke;Marie-Antoinette;Marie Antoinette;Film;TRUE;TRUE;65;1938;1938;Historique, Drame;Etats-Unis;
1895;Wachowski Brothers;Matrix;The Matrix;Film;FALSE;FALSE;136;1999;1999;Science-fiction, Action;États-Unis;
1896;Wachowski Brothers;Matrix Reloaded;The Matrix Reloaded;Film;FALSE;FALSE;138;2003;2003;Science-fiction, Action;États-Unis;
1897;Wachowski Brothers;Matrix Revolutions;The Matrix Revolutions;Film;FALSE;FALSE;129;2003;2003;Science-fiction, Action;États-Unis;
1898;Wachowski Sisters;Cloud Atlas;Cloud Atlas;Film;FALSE;FALSE;170;2021;2021;Aventure, Drame, Science-Fiction;Allemagne, Etats-Unis, Hong Kong, Singapour;
1899;Wally Pfister;Transcendence;Transcendence;Film;FALSE;FALSE;119;2014;2014;Science-fiction, Drame;États-Unis;
1900;Walter Hill;Le gang des frères James;The Long Riders;Film;FALSE;FALSE;100;1980;1980;Western;États-Unis;
1901;Walter Lang;The King and I (Rodgers & Hammerstein);The King and I (Rodgers & Hammerstein);Film;FALSE;FALSE;133;1956;1956;Comédie musicale, Drame;États-Unis;
1902;Walter Ruttmann;La Mélodie du monde;Die Melodie der Welt;Moyen-métrage;FALSE;TRUE;49;1929;1929;Documentaire;Allemagne;
1903;Walter Ruttmann;Opus 3;Opus 3;Court-métrage documentaire;TRUE;TRUE;4;1924;1924;Animation;Allemagne;
1904;Walter Salles;Central do Brasil;Central do Brasil;Film;FALSE;FALSE;106;1998;1998;Drame;Brésil, France;
1905;Walter Salles;Je suis toujours là;Ainda estou aqui;Film;FALSE;FALSE;135;2025;2025;Drame;Brésil, France;
1906;Wayne Wang;Coup de foudre à Manhattan;Maid in Manhattan;Film;FALSE;FALSE;105;2002;2002;Comédie romantique;États-Unis;
1907;Wayne Wang;Smoke;Smoke;Film;FALSE;FALSE;112;1995;1995;Drame;États-Unis;
1908;Werner Herzog;Aguirre - La colère de Dieu;Aguirre - Der Zorn Gottes;Film;FALSE;FALSE;95;1972;1972;Allemagne de l'Ouest, Pérou, Mexique;Allemagne;
1909;Werner Herzog;Cœur de verre;Herz aus Glas;Film;FALSE;FALSE;93;1976;1976;Drame, Fantastique;Allemagne;
1910;Werner Herzog;Fitzcarraldo;Fitzcarraldo;Film;FALSE;FALSE;158;1982;1982;Allemagne de l'Ouest, Pérou;Allemagne;
1911;Werner Herzog;La Soufrière;Warten auf eine unausweichliche Katastrophe;Court-métrage documentaire;FALSE;FALSE;30;1977;1977;Nature, Société;République Démocratique Allemande;
1912;Werner Herzog;L'énigme de Kaspar Hauser;Jeder für sich und Gott gegen alle;Film;FALSE;FALSE;110;1974;1974;Drame, Historique;Allemagne de l'Ouest;
1913;Werner Herzog;Nosferatu - Fantôme de la nuit;Nosferatu - Phantom der Nacht;Film;FALSE;FALSE;107;1979;1979;Épouvante - Horreur;Allemagne de l'Ouest;
1914;Werner Herzog;Signes de vie;Lebenszeichen;Film;FALSE;FALSE;90;1968;1968;Drame;Allemagne de l'Ouest;
1915;Wes Anderson;À bord du Darjeeling Limited;The Darjeeling Limited;Film;FALSE;FALSE;91;2007;2007;Comédie, Drame;États-Unis;
1916;Wes Anderson;The Grand Budapest Hotel;The Grand Budapest Hotel;Film;FALSE;FALSE;99;2014;2014;Comédie dramatique;Etats-Unis, Allemagne;
1917;Wes Ball;La Planète des singes - Le Nouveau Royaume;La Planète des singes - Le Nouveau Royaume;Film;FALSE;FALSE;145;2024;2024;Science-fiction, Action;Etats-Unis;
1918;Wilbur Crane;Le Masque;The Bat;Film;FALSE;TRUE;80;1959;1959;Policier, Comédie noire;Etats-Unis;
1919;William A. Seiter;Ô toi ma charmante (You were never Lovelier);Ô toi ma charmante (You were never Lovelier);Film;FALSE;TRUE;97;1942;1942;Comédie musicale;États-Unis;
1920;William A. Wellman;Bastogne;Battleground;Film;FALSE;TRUE;118;1949;1949;Guerre, Drame;États-Unis;
1921;William C. Park;World in Flames;World in Flames;Documentaire TV;FALSE;TRUE;70;1940;1940;Royaume-Uni;Etats-Unis;
1922;William Cameron Menzie;La vie future;Things to Come;Film;FALSE;TRUE;96;1936;1936;Science-fiction;Royaume-Uni;
1923;William Eubank;Signal;Signal;Film;FALSE;FALSE;97;2014;2014;Horreur, Science-fiction;États-Unis;
1924;William Friedkin;French Connection;The French Connection;Film;FALSE;FALSE;104;1971;1971;Policier, Thriller;États-Unis;
1925;William Friedkin;L'Exorciste;The Exorcist;Film;FALSE;FALSE;122;1973;1973;Épouvante - Horreur;États-Unis;
1926;William Karel;Isabelle Huppert - Message personnel;Isabelle Huppert - Message personnel;Documentaire;FALSE;FALSE;66;2020;2020;Documentaire, Cinéma;France;
1927;William Shatner;Star Trek - L'ultime frontière;Star Trek - L'ultime frontière;Film;FALSE;FALSE;108;1989;1989;Science-fiction, Aventure;États-Unis;
1928;William Wyler;Ben-Hur;Ben-Hur;Film;FALSE;FALSE;212;1959;1959;Historique, Péplum, Drame;États-Unis;
1929;William Wyler;Les grands espaces;The Big Country;Film;FALSE;FALSE;166;1958;1958;Western, Drame;États-Unis;
1930;William Wyler;Les Hauts de Hurlevent;Wuthering Heights;Film;TRUE;TRUE;104;1939;1939;Drame, Romance;États-Unis;
1931;William Wyler;Les plus belles années de notre vie;The Best Years of Our Lives;Film;FALSE;TRUE;172;1946;1946;Drame, Romance;Etats-Unis;
1932;Wim Wenders;Alice dans les villes;Alice in den Städten;Film;FALSE;FALSE;110;1977;1977;Allemagne de l'Ouest, France;République fédérale d'Allemagne;
1933;Wim Wenders;Buena Vista Social Club;Buena Vista Social Club;Documentaire;FALSE;FALSE;105;1999;1999;Documentaire, Musique;Allemagne, États-Unis, Cuba, Royaume-Uni, France;
1934;Wim Wenders;"Carnet de notes sur ""Vêtements et villes""";Aufzeichnungen zu Kleidern und Städten;Documentaire;FALSE;FALSE;79;1989;1989;Documentaire;Allemagne;
1935;Wim Wenders;Don't Come Knocking;Don't Come Knocking;Film;FALSE;FALSE;122;2005;2005;Allemagne, France;Etats-Unis, Allemagne;
1936;Wim Wenders;Les ailes du désir;Der Himmel über Berlin;Film;FALSE;TRUE;128;1987;1987;Fantastique, Drame;République fédérale d'Allemagne;
1937;Wim Wenders;L'état des choses;Der Stand der Dinge;Film;FALSE;FALSE;121;1982;1982;Allemagne de l'Ouest;Portugal, France;
1938;Wim Wenders;Paris, Texas;Paris, Texas;Film;FALSE;FALSE;146;1984;1984;Allemagne de l'Ouest, France;France, Royaume Uni, Etats-Unis, République Fédérale d'Allemagne;
1939;Wim Wenders;Perfect Days;Perfect Days;Film;FALSE;FALSE;125;2023;2023;Comédie dramatique;Allemagne, Japon;
1940;Wim Wenders;Pina;Pina;Documentaire;FALSE;FALSE;103;2011;2011;Allemagne, France;Allemagne, France;
1941;Wim Wenders;Terre d'abondance;Land of Plenty;Film;FALSE;FALSE;89;2004;2004;Drame;Etats-Unis, Allemagne;
1942;Wim Wenders;The End of Violence;The End of Violence;Film;FALSE;FALSE;120;1997;1997;Thriller;Etats-Unis, France, Allemagne;
1943;Wim Wenders;The Million Dollar Hotel;The Million Dollar Hotel;Film;FALSE;FALSE;122;2000;2000;Policier, Drame;Allemagne, Royaume-Uni, Etats-p;
1944;Wim Wenders;Tokyo-Ga;Tokyo-Ga;Documentaire;FALSE;FALSE;92;1985;1985;Documentaire, Cinéma;République Fédérale d'Allemagne, Etats-Unis;
1945;Wim Wenders & Francis Ford Coppola;Hammett;Hammett;Film;FALSE;FALSE;97;1982;1982;Policier, Comédie dramatique;États-Unis, Allemagne;
1946;Wim Wenders & Juliano Ribeiro Salgado;Le sel de la Terre;The Salt of the Earth;Documentaire;FALSE;FALSE;110;2014;2014;Brésil, France, Italie;France, Italie, Brésil;
1947;Wired on Words;Tonight at the Millenium Cabaret. 25 poets of notoriety and renows;Tonight at the Millenium Cabaret. 25 poets of notoriety and renows;Film;FALSE;FALSE;60;1997;1997;Documentaire, Poésie;Canada;
1948;Wisit Sasanatieng;Les Larmes du tigre noir;Fah talai jone;Film;FALSE;FALSE;110;2000;2000;Comédie, Policier, Aventure;Thaïlande;
1949;Wojciech Has;Le Manuscrit trouvé à Saragosse;Rekopis znaleziony w Saragossie;Film;FALSE;FALSE;180;1965;1965;Fantastique, Aventure;Pologne;
1950;Wolf Rilla;Le Village des damnés;Village of the Damned;Film;TRUE;TRUE;78;1960;1960;Science-fiction, Horreur;Royaume-Uni;
1951;Wolfgang Petersen;Alerte!;Outbreak;Film;FALSE;FALSE;128;1995;1995;Thriller, Drame;États-Unis;
1952;Wolfgang Petersen;Enemy;Enemy Mine;Film;FALSE;FALSE;108;1985;1985;Science-fiction, Drame;États-Unis, Allemagne;
1953;Wolfgang Petersen;Le Bateau;Das Boot;Film;FALSE;FALSE;149;1981;1981;Guerre, Drame;Allemagne de l'Ouest;
1954;Wolfgang Petersen;L'Histoire sans fin;The Neverending Story;Film;FALSE;FALSE;94;1984;1984;Fantasy, Aventure, Famille;Allemagne de l'Ouest, Royaume-Uni;
1955;Wolfgang Petersen;Poséidon;Poseidon;Film;FALSE;FALSE;98;2006;2006;Catastrophe, Action;États-Unis, Allemagne;
1956;Wolfgang Petersen;Troie;Troy;Film;FALSE;FALSE;163;2004;2004;Historique, Action, Guerre;États-Unis, Malte, Royaume-Uni;
1957;Wolfgang Reitherman;Le Livre de la Jungle (2 DVD);Le Livre de la Jungle (2 DVD);Long-métrage d'animation;FALSE;FALSE;78;1967;1967;Animation, Aventure, Comédie musicale;États-Unis;
1958;Wong Kar-Wai;2046;2046;Film;FALSE;FALSE;129;2004;2004;Science-fiction, Romance, Drame;Hong Kong, Chine, France, Italie, Allemagne;
1959;Wong Kar-Wai;In the Mood for Love;Fa yeung nin wah;Film;FALSE;FALSE;98;2000;2000;Drame, Romance;Hong Kong, France;
1960;Woody Allen;Alice;Alice;Film;FALSE;FALSE;102;1990;1990;Comédie romantique, Fantastique;États-Unis;
1961;Woody Allen;Annie Hall;Annie Hall;Film;FALSE;FALSE;93;1977;1977;Comédie dramatique, Romance;Etats-Unis;
1962;Woody Allen;Blue Jasmine;Blue Jasmine;Film;FALSE;FALSE;98;2013;2013;Comédie dramatique;États-Unis;
1963;Woody Allen;La rose pourpre du Caire;The Purple Rose of Cairo;Film;FALSE;FALSE;82;1985;1985;Comédie dramatique, Fantastique;États-Unis;
1964;Woody Allen;Le sortilège du scorpion de Jade;The Curse of the Jade Scorpion;Film;FALSE;FALSE;103;2001;2001;Comédie;États-Unis;
1965;Woody Allen;Manhattan;Manhattan;Film;FALSE;TRUE;96;1979;1979;Comédie dramatique, Romance;Etats-Unis;
1966;Woody Allen;Match Point;Match Point;Film;FALSE;FALSE;124;2005;2005;Thriller, Drame, Romance;Royaume-Uni, Irlande, Luxembourg, États-Unis, France;
1967;Xavier Giannoli;Illusions perdues;Illusions perdues;Film;FALSE;FALSE;149;2021;2021;Drame, Littérature;France;
1968;Xavier Lukomski;Un pont sur la Drina;Un pont sur la Drina;Court-métrage documentaire;FALSE;FALSE;52;2005;2005;Belgique;Belgique, France;
1969;Yasujirô Ozu;Bonjour;Ohayô;Film;FALSE;FALSE;94;1959;1959;Comédie, Drame;Japon;
1970;Yasujirô Ozu;Dernier caprice;Kohayagawa-ke no aki;Film;FALSE;FALSE;103;1961;1961;Drame;Japon;
1971;Yasujirô Ozu;Fin d'automne;Akibiyori;Film;FALSE;FALSE;127;1960;1960;Comédie, Drame;Japon;
1972;Yasujirô Ozu;Fleurs d'équinoxe;Higanbana;Film;FALSE;FALSE;118;1958;1958;Comédie, Drame;Japon;
1973;Yasujirô Ozu;Gosses de Tokyo;Otona no miru ehon - Umarete wa mita keredo;Film;FALSE;TRUE;90;1932;1932;Comédie, Drame;Japon;
1974;Yasujirô Ozu;Le goût du saké;Sanma no aji;Film;FALSE;FALSE;107;1962;1962;Drame;Japon;
1975;Yasujirô Ozu;Voyage à Tokyo;Tokyo Monogatari;Film;FALSE;TRUE;136;1953;1953;Drame;Japon;
1976;Yolande Moreau;La Fiancée du Poète;La Fiancée du Poète;Film;FALSE;FALSE;103;2023;2023;Comédie dramatique;France, Belgique;
1977;Yoram Ron;Absent God;Absent God;Documentaire;FALSE;FALSE;58;2014;2014;Documentaire, Philosophie;France, Israël, Belgium;
1978;Yorgos Lanthimon;The Favourite;The Favourite;Film;FALSE;FALSE;121;2018;2018;Comédie dramatique, Drame historique;Royaume-Uni, Irlande, États-Unis;
1979;Youri Ozerov;Stalingrad;??????????;Film;FALSE;FALSE;196;1990;1990;Drame, Guerre;Etats-Unis, Union Soviétique…;
1980;Youssef Chahine;Le destin;Al-massir;Film;FALSE;FALSE;135;1997;1997;Drame;Égypte, France;
1981;Yves Angelo;Le Colonel Chabert;Le Colonel Chabert;Film;FALSE;FALSE;110;1994;1994;Drame;France, Pologne;
1982;Yves Boisset;Espion, lève-toi;Espion, lève-toi;Film;FALSE;FALSE;101;1982;1982;France;France, Suisse;
1983;Yves Simoneau;Nuremberg;Nuremberg;Film;FALSE;FALSE;185;2000;2000;Drame, Historique;États-Unis;
1984;Zack Snyder;300;300;Film;FALSE;FALSE;117;2006;2006;Action, Fantasy, Guerre;États-Unis;
1985;Zack Snyder;Watchmen : Les Gardiens;Watchmen;Film;FALSE;FALSE;163;2009;2009;Science-fiction, Thriller;États-Unis;
1986;Zhang Yi-Mou;Hero;Ying xiong;Film;FALSE;FALSE;99;2002;2002;Action, Historique, Drame;Chine, Hong Kong;
1987;Zhang Yi-Mou;La Cité interdite;Man cheng jin dai huang jin jia;Film;FALSE;FALSE;114;2006;2006;Historique, Action, Drame;Chine, Hong Kong;
1988;Zhang Yi-Mou;La Grande Muraille;La Grande Muraille;Film;FALSE;FALSE;103;2016;2016;Aventure, Fantasy, Action;Chine, États-Unis;
1989;Zhang Yi-Mou;Le secret des poignards volants;Shi mian mai fu;Film;FALSE;FALSE;119;2004;2004;Action, Drame, Romance;Chine, Hong Kong;
1990;;Cléopâtre Bonus;Cleopatra Special Edition Bonus DVD 3;Documentaire;FALSE;FALSE;;2001;2001;Documentaire, Cinéma;États-Unis;
1991;;Doctor Zhivago;Doctor Zhivago;Mini-série;FALSE;FALSE;225;2002;2002;Drame, Romance, Historique;Royaume-Uni;
1992;;Hercule contre les tyrans de Babylone;;Film;FALSE;FALSE;87;1964;1964;Péplum;Italie;
1993;;Hercule et la reine de Lydie;;Film;FALSE;FALSE;98;1959;1959;Péplum;France, Espagne, Italie;
1994;;Jurassic Park (coffret ultimate edition) 4 DVD;Jurassic Park (coffret ultimate edition) 4 DVD;Film;FALSE;FALSE;;;;Science-fiction, Aventure;États-Unis;
1995;;La reine des Amazones;;Film;FALSE;FALSE;84;1960;1960;Péplum;Italie;
1996;;Led Zeppelin;Led Zeppelin;Documentaire musical;FALSE;FALSE;;;;;;
1997;;Les Dix Commandements 2 Les Bonus;Making Cecil B. DeMille's Epic, The Ten Commandements;Documentaire;FALSE;FALSE;;2004;2004;Documentaire, Cinéma;États-Unis;
1998;;Maciste contre les hommes de pierre;;Film;FALSE;FALSE;94;1962;1962;Péplum;Italie;
